Team,Year,teamyearid,1,2,3,4,5,6,7,8,9,10,11,12,13,14,15,16,17,18
Arizona Cardinals,2000,Arizona Cardinals-2000,1.5,-2.0,,-27.0,-3.5,3.5,-16.5,-34.0,-5.0,11.0,-4.5,-18.0,-18.0,-7.0,-49.0,9.0,-10.0,
Arizona Cardinals,2001,Arizona Cardinals-2001,,-12.5,-17.0,15.5,-0.0,10.0,-17.0,-7.0,-1.5,5.0,10.0,16.0,-12.0,1.0,3.5,24.0,0.5,
Arizona Cardinals,2002,Arizona Cardinals-2002,-2.0,15.0,-5.5,17.0,8.0,,-0.5,-1.5,-8.0,-24.0,-12.0,-11.5,-40.0,4.0,9.0,0.5,-16.5,
Arizona Cardinals,2003,Arizona Cardinals-2003,-14.5,-33.0,14.5,-12.5,-9.5,-1.5,,10.0,6.0,-6.0,-33.0,4.0,-20.5,-25.5,4.0,-2.5,8.5,
Arizona Cardinals,2004,Arizona Cardinals-2004,4.0,-3.0,8.0,27.5,-2.0,,14.5,-19.5,4.0,2.0,-22.0,-7.0,-8.0,-10.0,27.0,4.0,1.0,
Arizona Cardinals,2005,Arizona Cardinals-2005,-21.5,-4.0,-18.5,14.0,-1.0,,7.0,-14.0,-9.5,-4.0,19.0,-3.5,4.0,-1.0,-12.0,5.0,2.0,
Arizona Cardinals,2006,Arizona Cardinals-2006,-2.5,-4.0,-7.5,-14.5,0.5,12.0,-16.0,-13.0,,-10.5,4.5,1.0,20.5,9.5,-14.5,10.0,7.0,
Arizona Cardinals,2007,Arizona Cardinals-2007,-0.0,5.5,4.0,12.0,-0.5,-21.0,6.0,,-3.5,8.0,11.5,-16.5,6.0,-13.5,-3.5,-7.5,23.0,
Arizona Cardinals,2008,Arizona Cardinals-2008,7.5,14.5,-4.0,-19.5,21.5,11.0,,1.5,18.0,-4.5,3.0,-5.0,-25.0,9.5,-24.5,-32.0,6.0,
Arizona Cardinals,2009,Arizona Cardinals-2009,-8.5,11.0,-24.0,,1.0,27.0,15.0,-23.0,23.0,2.5,-1.0,-1.0,16.0,-19.0,-7.0,5.0,-29.0,
Arizona Cardinals,2010,Arizona Cardinals-2010,1.0,-27.0,-4.5,-21.5,17.0,,-5.5,-6.0,4.5,-22.0,-11.0,-19.0,-9.5,34.0,-4.5,8.5,-25.0,
Arizona Cardinals,2011,Arizona Cardinals-2011,0.0,3.5,-6.0,-2.5,-20.5,,-7.5,8.5,3.0,17.0,-6.0,5.5,10.5,5.5,-3.5,-3.0,0.5,
Arizona Cardinals,2012,Arizona Cardinals-2012,7.0,15.5,24.0,-1.0,-15.5,-8.0,-0.5,-14.0,-3.5,,5.5,-15.0,5.0,-48.0,34.5,-8.0,2.5,
Arizona Cardinals,2013,Arizona Cardinals-2013,0.5,6.0,-16.5,5.5,19.0,-1.5,-7.5,11.0,,-0.5,4.0,26.0,0.5,15.5,-0.0,16.0,-6.0,
Arizona Cardinals,2014,Arizona Cardinals-2014,-2.0,12.0,12.0,,-13.0,5.0,7.5,3.0,12.5,10.0,9.0,-8.5,-12.5,5.5,12.0,-19.5,3.0,
Arizona Cardinals,2015,Arizona Cardinals-2015,9.5,23.0,33.0,-9.0,20.5,-17.5,-2.0,7.0,,10.0,-1.0,-2.5,20.5,-7.0,19.0,24.0,-36.0,
Arizona Cardinals,2016,Arizona Cardinals-2016,-10.5,26.0,-20.0,-14.0,8.5,18.0,-2.5,-7.5,,-11.0,-4.0,-15.0,5.5,-5.0,-10.0,12.0,31.0,
Arizona Cardinals,2017,Arizona Cardinals-2017,-14.0,-4.5,-8.0,-3.5,-20.5,6.5,-30.0,,8.0,0.0,-8.0,8.0,-9.0,7.5,-1.0,20.0,10.0,
Arizona Cardinals,2018,Arizona Cardinals-2018,-20.0,-20.5,3.5,0.5,13.0,-0.0,-34.0,0.5,,4.5,-6.5,-21.0,16.5,-11.5,-16.0,-7.5,11.0,
Arizona Cardinals,2019,Arizona Cardinals-2019,3.0,7.0,-20.5,-11.5,6.0,4.0,9.5,-9.5,7.0,2.5,-0.0,,-24.5,-3.5,17.0,22.0,-0.0,
Arizona Cardinals,2020,Arizona Cardinals-2020,10.5,8.0,-8.5,-13.0,13.0,27.0,6.5,,-8.5,-0.5,-4.0,-5.0,-7.5,16.0,1.0,-14.0,-10.0,
Arizona Cardinals,2021,Arizona Cardinals-2021,28.0,-3.0,4.0,21.0,1.0,26.0,6.0,-9.5,19.5,-31.0,14.5,,3.5,-10.0,-31.0,-9.0,9.5,-13.0
Arizona Cardinals,2022,Arizona Cardinals-2022,-17.0,11.5,-4.5,11.0,2.5,-12.5,5.5,-4.0,-12.0,13.5,-18.0,1.5,,-11.5,-7.5,4.5,5.5,-10.5
Atlanta Falcons,2000,Atlanta Falcons-2000,1.5,-23.5,11.0,-14.5,-25.0,-8.0,2.0,-0.5,4.0,-6.0,5.5,-4.5,-16.0,-20.0,,-6.0,20.5,
Atlanta Falcons,2001,Atlanta Falcons-2001,0.5,4.5,17.0,-31.5,-3.0,15.0,,-17.0,1.0,13.0,-0.0,-21.0,-15.0,-10.0,-1.0,-0.0,-3.5,
Atlanta Falcons,2002,Atlanta Falcons-2002,4.0,-3.5,20.0,,-16.5,13.0,26.0,5.5,-4.0,5.5,5.5,37.5,2.5,-20.5,-15.5,10.5,-10.5,
Atlanta Falcons,2003,Atlanta Falcons-2003,16.0,-5.0,-14.5,-14.0,-8.5,-26.0,-25.0,,-1.0,31.5,6.0,-0.5,-1.0,7.0,-23.5,8.5,4.5,
Atlanta Falcons,2004,Atlanta Falcons-2004,-1.0,15.0,-8.0,20.5,-13.5,-4.5,-42.5,20.0,,6.5,1.0,-6.0,-25.0,17.5,-0.5,-6.5,3.5,
Atlanta Falcons,2005,Atlanta Falcons-2005,6.0,-2.0,11.0,14.0,-5.5,-1.0,5.5,,5.0,-17.5,-9.0,17.0,-15.0,9.0,-10.0,-0.0,-29.5,
Atlanta Falcons,2006,Atlanta Falcons-2006,18.5,6.5,-24.0,14.5,,-16.0,6.0,6.5,-11.0,-11.5,-10.5,-21.0,11.5,8.0,-6.5,-13.0,1.5,
Atlanta Falcons,2007,Atlanta Falcons-2007,-18.0,-16.0,-3.0,12.5,0.5,-15.5,1.5,,0.5,11.0,-21.0,-4.0,-9.0,-15.5,-21.5,7.5,5.0,
Atlanta Falcons,2008,Atlanta Falcons-2008,16.0,-8.0,17.5,-8.0,8.0,5.0,,-3.5,21.0,12.5,-10.5,16.0,12.5,-1.0,-1.5,10.0,-10.0,
Atlanta Falcons,2009,Atlanta Falcons-2009,8.0,2.5,-11.5,,36.0,3.5,-11.0,4.0,5.0,-10.0,4.0,-9.5,-23.0,7.0,10.0,20.0,7.0,
Atlanta Falcons,2010,Atlanta Falcons-2010,-7.5,27.0,6.0,-5.0,7.0,-12.5,3.5,,-3.0,4.0,13.5,1.0,1.0,13.5,10.0,-5.5,6.5,
Atlanta Falcons,2011,Atlanta Falcons-2011,-19.5,6.5,-2.0,-4.0,-4.5,10.5,11.5,,17.0,-4.0,-0.5,0.0,-9.0,5.0,13.5,-22.0,11.5,
Atlanta Falcons,2012,Atlanta Falcons-2012,13.5,3.0,27.0,-5.0,4.0,-7.0,,16.0,1.5,-5.5,-5.5,-0.5,6.5,-13.5,34.0,9.0,-8.0,
Atlanta Falcons,2013,Atlanta Falcons-2013,-2.5,1.5,-1.5,-10.0,-12.5,,1.5,-11.0,-16.0,-20.0,-11.0,3.0,7.5,2.5,-4.5,4.5,4.5,
Atlanta Falcons,2014,Atlanta Falcons-2014,6.0,-8.5,35.5,-18.5,-6.0,-17.5,-15.0,2.5,,6.5,-0.5,-5.0,12.5,7.5,-4.0,22.0,-33.5,
Atlanta Falcons,2015,Atlanta Falcons-2015,5.0,6.0,11.0,22.5,-1.0,-13.0,-3.0,-11.0,-9.5,,-6.5,-12.0,-4.0,-29.5,4.0,14.0,-9.0,
Atlanta Falcons,2016,Atlanta Falcons-2016,-9.5,11.0,16.0,18.0,10.5,5.0,-7.5,-2.0,10.5,-7.5,,15.0,-6.0,23.0,14.5,14.0,-1.5,
Atlanta Falcons,2017,Atlanta Falcons-2017,-1.0,8.5,1.0,-14.0,,-16.5,-13.0,0.5,-6.0,16.5,5.0,4.0,-8.0,0.5,-4.0,-4.5,7.0,
Atlanta Falcons,2018,Atlanta Falcons-2018,-5.0,1.5,-7.5,-4.5,-20.5,2.0,-1.0,,25.5,-17.5,-6.5,-2.5,-12.5,-10.0,16.0,11.0,-0.5,
Atlanta Falcons,2019,Atlanta Falcons-2019,-12.5,5.0,-1.5,-17.5,-17.0,-4.0,-24.0,0.5,,30.5,30.0,-16.5,-1.0,16.5,17.0,5.0,7.0,
Atlanta Falcons,2020,Atlanta Falcons-2020,-12.0,2.5,-7.0,-7.0,-9.5,21.0,-3.0,10.0,3.0,,-11.5,40.0,-2.5,-2.0,2.0,8.0,-10.0,
Atlanta Falcons,2021,Atlanta Falcons-2021,-29.5,-10.5,5.5,-2.0,4.0,,0.5,-8.5,8.5,-32.5,-18.0,5.5,-2.5,10.5,-9.0,-3.5,-0.0,-5.5
Atlanta Falcons,2022,Atlanta Falcons-2022,4.5,6.0,5.0,4.0,4.5,18.0,-11.5,-1.0,-0.5,-12.5,0.5,-2.5,-1.5,,2.0,-1.5,-5.5,7.0
Baltimore Ravens,2000,Baltimore Ravens-2000,13.5,0.0,-14.5,25.5,3.5,2.5,-3.5,-9.0,-7.5,14.0,5.0,20.0,22.0,,7.5,-9.0,8.0,
Baltimore Ravens,2001,Baltimore Ravens-2001,0.5,-18.0,11.5,15.5,-8.0,-17.5,-6.5,5.0,4.5,-18.0,-0.0,5.0,,-8.0,5.5,-10.5,6.0,
Baltimore Ravens,2002,Baltimore Ravens-2002,-3.0,-20.5,,20.0,11.0,4.5,8.5,-10.0,4.0,7.0,-14.0,3.5,1.5,-10.0,1.0,-3.5,5.0,
Baltimore Ravens,2003,Baltimore Ravens-2003,-15.0,17.5,15.5,-4.0,,1.5,-9.0,17.5,0.0,-4.5,2.0,0.0,35.0,13.0,-15.0,32.0,-3.0,
Baltimore Ravens,2004,Baltimore Ravens-2004,-20.5,13.0,12.5,-9.0,7.0,,9.5,2.5,8.0,2.0,12.5,-14.0,-7.5,13.0,-2.5,-8.0,-4.0,
Baltimore Ravens,2005,Baltimore Ravens-2005,-14.0,-18.5,,2.5,-16.0,9.0,-3.0,7.5,-8.5,-35.0,7.0,-4.0,-6.0,12.0,41.5,4.5,-7.0,
Baltimore Ravens,2006,Baltimore Ravens-2006,30.0,9.0,-5.5,4.0,-5.0,-5.0,,15.0,3.0,-6.5,10.5,24.0,-3.5,13.0,-2.0,28.0,3.0,
Baltimore Ravens,2007,Baltimore Ravens-2007,-4.5,-3.0,-4.0,-18.5,-1.0,10.0,-8.0,,-21.5,-17.0,-1.0,-9.0,15.5,-15.0,-9.0,-7.5,9.0,
Baltimore Ravens,2008,Baltimore Ravens-2008,9.0,,15.5,3.0,-2.0,-24.0,17.0,11.0,12.5,30.5,-13.0,27.0,24.0,7.5,-7.0,14.5,9.5,
Baltimore Ravens,2009,Baltimore Ravens-2009,1.0,6.0,17.5,-4.0,-12.0,1.0,,19.5,-13.0,5.0,-0.5,-5.0,-9.0,31.0,13.0,-0.0,-2.0,
Baltimore Ravens,2010,Baltimore Ravens-2010,2.0,-8.0,-5.5,5.5,6.0,-0.0,-9.5,,11.0,-4.0,10.5,-0.5,-6.0,3.0,3.5,6.0,-3.5,
Baltimore Ravens,2011,Baltimore Ravens-2011,26.5,-19.0,24.0,12.0,,8.0,-15.5,-8.5,6.5,-12.0,0.0,6.5,7.0,-2.5,-22.5,-5.0,5.5,
Baltimore Ravens,2012,Baltimore Ravens-2012,24.0,2.0,-2.0,-4.5,-3.5,-1.0,-23.5,,6.5,27.5,-0.0,2.0,-10.5,-1.5,-14.0,21.5,-3.0,
Baltimore Ravens,2013,Baltimore Ravens-2013,-14.5,1.0,22.0,-7.0,5.5,0.0,-0.5,,-7.0,1.0,0.5,12.5,-1.0,-3.0,7.5,-35.5,-10.0,
Baltimore Ravens,2014,Baltimore Ravens-2014,-8.0,17.5,-0.0,24.5,-4.5,27.5,15.0,-5.5,-17.5,3.5,,9.5,-7.5,18.0,-6.0,-18.0,-4.0,
Baltimore Ravens,2015,Baltimore Ravens-2015,-1.5,-10.0,-5.5,-0.0,-9.5,-7.5,2.0,-1.5,,-7.0,0.0,12.0,1.5,-18.5,-13.5,14.5,1.5,
Baltimore Ravens,2016,Baltimore Ravens-2016,3.0,0.5,-0.0,-4.5,-10.0,-0.5,-5.5,,10.5,13.5,-3.0,1.5,28.5,-1.0,-4.0,1.5,-19.5,
Baltimore Ravens,2017,Baltimore Ravens-2017,23.0,6.5,-41.0,-14.0,15.5,-9.5,-4.0,37.0,-0.0,,21.0,0.0,21.0,5.0,10.5,-6.5,-12.0,
Baltimore Ravens,2018,Baltimore Ravens-2018,36.5,-10.0,7.5,15.0,-6.0,18.5,-3.5,-17.5,-8.5,,-3.5,4.0,12.5,3.5,-0.5,16.0,-5.0,
Baltimore Ravens,2019,Baltimore Ravens-2019,42.0,-7.0,-0.0,-22.0,-0.0,-4.5,17.0,,20.0,25.5,29.5,35.5,-2.5,1.0,4.0,6.0,19.0,
Baltimore Ravens,2020,Baltimore Ravens-2020,25.0,10.0,-17.0,-0.0,13.0,-8.0,,-8.0,13.0,-13.0,-12.0,-0.0,8.5,2.0,13.5,4.5,21.5,
Baltimore Ravens,2021,Baltimore Ravens-2021,-10.5,5.0,-5.5,17.0,-1.5,25.0,-30.5,,-4.0,-20.5,2.0,3.0,-5.0,1.0,8.0,-12.5,6.0,-6.0
Baltimore Ravens,2022,Baltimore Ravens-2022,8.5,-7.5,8.5,0.0,-1.0,-9.5,-3.5,7.0,12.5,,-2.5,-4.5,-8.0,4.0,-7.0,1.5,-4.0,-0.0
Buffalo Bills,2000,Buffalo Bills-2000,2.0,3.0,-12.0,,-3.5,-7.0,-7.0,2.5,-0.5,5.0,10.0,7.0,-10.0,-30.5,-18.0,-7.5,22.0,
Buffalo Bills,2001,Buffalo Bills-2001,-16.5,-6.0,-14.0,-1.5,,-6.0,4.5,-13.0,-4.0,0.5,-2.0,-26.5,-2.5,1.0,1.0,12.0,-20.5,
Buffalo Bills,2002,Buffalo Bills-2002,-3.0,9.5,2.5,3.0,-15.0,-0.0,19.0,-0.5,-34.0,,2.5,-15.0,19.0,-6.5,4.0,-3.5,10.5,
Buffalo Bills,2003,Buffalo Bills-2003,30.0,18.0,-7.0,-13.0,-1.0,-28.0,14.0,-27.5,,-0.0,-9.0,0.0,20.0,8.0,3.0,-20.0,-21.5,
Buffalo Bills,2004,Buffalo Bills-2004,-6.0,0.5,,-8.5,4.5,2.5,-9.5,19.5,8.0,-16.0,18.0,33.0,5.0,19.0,13.0,24.0,-14.5,
Buffalo Bills,2005,Buffalo Bills-2005,10.5,-13.5,-11.0,-13.0,3.5,7.0,-18.0,2.0,,8.5,-29.0,0.0,2.0,-24.5,-3.0,23.0,-2.5,
Buffalo Bills,2006,Buffalo Bills-2006,8.0,16.5,-14.0,4.0,-23.5,-4.0,-16.5,,11.0,11.5,5.5,6.0,2.5,21.5,20.0,-6.5,-3.0,
Buffalo Bills,2007,Buffalo Bills-2007,2.0,-13.0,-14.5,6.0,10.0,,8.0,13.0,13.0,0.5,-30.0,-31.0,7.5,14.0,-3.0,-14.0,1.0,
Buffalo Bills,2008,Buffalo Bills-2008,23.0,-0.0,-9.0,8.5,-21.5,,8.0,-8.0,-14.0,-6.5,-7.0,20.0,-13.5,-15.0,4.0,13.5,-7.5,
Buffalo Bills,2009,Buffalo Bills-2009,12.5,9.0,-14.5,-26.5,-8.5,12.5,18.0,-17.5,,-16.5,-11.5,20.5,-2.5,3.5,0.0,-20.0,15.0,
Buffalo Bills,2010,Buffalo Bills-2010,-2.0,-14.0,6.5,-18.0,-12.5,,9.5,4.0,0.0,0.5,22.0,4.0,-19.0,7.0,8.5,-22.0,-29.5,
Buffalo Bills,2011,Buffalo Bills-2011,37.5,-1.0,10.5,-6.0,10.0,-0.0,,19.0,-18.5,-32.5,-24.0,5.5,-7.0,-20.0,-8.5,29.0,-18.0,
Buffalo Bills,2012,Buffalo Bills-2012,-17.0,15.0,7.0,-19.5,-32.0,8.0,-5.5,,-0.5,7.5,2.5,-4.0,10.0,-6.0,-28.0,-9.0,15.5,
Buffalo Bills,2013,Buffalo Bills-2013,8.5,4.5,-4.5,7.0,-9.0,3.0,8.5,-7.5,-5.5,-10.5,25.0,,-7.5,-18.5,3.0,20.5,-7.0,
Buffalo Bills,2014,Buffalo Bills-2014,10.0,18.0,-14.5,-3.0,7.5,-16.0,-6.0,23.0,,-6.0,-9.0,32.5,13.0,2.0,11.5,-9.0,12.5,
Buffalo Bills,2015,Buffalo Bills-2015,14.0,-9.0,28.0,-20.0,-0.0,-10.0,-6.5,,12.0,7.5,-0.0,-3.5,6.0,-2.0,-12.0,3.5,8.0,
Buffalo Bills,2016,Buffalo Bills-2016,-3.0,-6.0,20.0,19.5,8.5,21.5,-5.5,-10.5,-0.5,,6.5,-1.5,-11.0,-5.0,9.5,-7.5,-23.5,
Buffalo Bills,2017,Buffalo Bills-2017,-0.5,1.0,13.0,14.0,-1.0,,0.0,17.5,-16.0,-35.0,-23.5,16.0,-11.0,2.5,4.5,-10.0,3.5,
Buffalo Bills,2018,Buffalo Bills-2018,-36.5,-3.5,37.5,-13.5,7.0,3.5,-25.0,-5.5,-21.5,38.0,,6.0,-0.5,-8.5,-1.5,1.5,19.5,
Buffalo Bills,2019,Buffalo Bills-2019,3.5,13.0,-2.0,1.0,10.0,,-7.0,-19.0,4.5,-0.0,10.0,13.5,17.5,-1.0,8.0,-0.5,-6.0,
Buffalo Bills,2020,Buffalo Bills-2020,3.5,-2.5,1.0,4.0,-29.5,-4.0,-2.0,-1.5,13.0,0.5,,5.5,11.5,9.0,23.0,22.0,33.0,
Buffalo Bills,2021,Buffalo Bills-2021,-13.5,32.0,15.0,21.0,21.0,-9.0,,0.0,-17.5,14.5,-33.0,18.0,-7.0,-2.5,2.5,13.0,0.0,1.0
Buffalo Bills,2022,Buffalo Bills-2022,19.0,24.0,-6.0,-0.0,21.0,1.5,,-0.5,-13.5,-9.0,0.5,-6.5,10.0,-2.0,-4.0,14.0,,4.0
Carolina Panthers,2000,Carolina Panthers-2000,7.5,13.0,-11.0,,-9.5,19.5,-18.0,15.0,-4.0,16.5,-8.0,-4.5,17.0,21.0,1.5,-0.5,-34.0,
Carolina Panthers,2001,Carolina Panthers-2001,21.0,-4.5,-17.5,-3.5,3.0,-6.5,1.5,-7.0,-16.0,4.0,0.0,6.0,2.5,,6.5,-24.0,-25.5,
Carolina Panthers,2002,Carolina Panthers-2002,3.0,21.0,13.5,3.5,-8.0,1.0,-26.0,5.0,,-6.0,-5.0,-37.5,14.5,18.0,-7.0,6.0,10.0,
Carolina Panthers,2003,Carolina Panthers-2003,-3.0,12.0,,14.0,-1.0,7.0,-20.0,6.0,-10.0,6.5,-3.0,-1.0,-10.5,-7.0,-4.0,-1.5,8.5,
Carolina Panthers,2004,Carolina Panthers-2004,-13.0,18.0,,-20.5,1.0,-12.0,-14.0,2.0,-9.0,11.5,22.0,10.0,9.0,6.0,0.5,18.5,-10.0,
Carolina Panthers,2005,Carolina Panthers-2005,-9.5,13.0,-6.5,0.0,1.0,1.0,,17.0,20.0,17.5,-13.0,-0.0,15.0,-15.5,10.0,-9.5,29.5,
Carolina Panthers,2006,Carolina Panthers-2006,-18.5,-1.0,-1.0,-4.5,0.5,5.0,-0.0,-26.5,,4.0,8.5,-10.0,-6.0,-11.5,-31.5,13.0,8.0,
Carolina Panthers,2007,Carolina Panthers-2007,15.0,-19.5,3.0,-16.0,7.0,21.0,,-17.5,-7.5,-11.0,-4.0,-22.0,14.0,-41.5,11.0,3.5,5.5,
Carolina Panthers,2008,Carolina Panthers-2008,11.5,0.0,-7.0,8.0,24.0,-23.0,20.0,-1.5,,1.5,-5.0,-16.0,7.0,12.0,12.5,-2.0,0.5,
Carolina Panthers,2009,Carolina Panthers-2009,-25.5,-2.5,-5.5,,-2.5,4.0,-18.0,23.0,3.0,10.0,-10.5,-7.5,6.5,2.5,28.0,40.5,3.0,
Carolina Panthers,2010,Carolina Panthers-2010,-7.0,-17.0,-9.5,10.5,-20.0,,5.5,-7.5,-24.5,-8.0,-10.5,6.5,-12.0,-13.5,4.5,-9.5,-6.5,
Carolina Panthers,2011,Carolina Panthers-2011,-0.0,4.0,2.5,2.0,3.5,-10.5,10.5,-6.0,,-30.5,-7.0,4.5,16.5,-5.0,21.0,24.5,-21.0,
Carolina Panthers,2012,Carolina Panthers-2012,-9.0,11.0,-32.0,5.0,-6.0,,-2.5,6.5,11.0,-18.0,-4.5,5.0,-12.0,13.5,27.0,1.5,10.0,
Carolina Panthers,2013,Carolina Panthers-2013,-1.5,-4.5,41.0,,-19.0,27.5,8.0,11.5,16.0,6.5,1.0,-0.0,14.5,-15.0,0.0,1.0,-4.5,
Carolina Panthers,2014,Carolina Panthers-2014,11.5,16.0,-21.0,-24.5,5.5,7.0,-14.5,2.0,-15.0,-17.0,0.5,,-15.5,39.5,-1.5,-2.0,33.5,
Carolina Panthers,2015,Carolina Panthers-2015,8.0,4.0,-4.5,11.0,,11.0,8.5,-2.5,10.5,13.5,21.0,18.0,-3.0,29.5,-2.0,-14.0,18.0,
Carolina Panthers,2016,Carolina Panthers-2016,-4.0,6.5,-18.5,-18.0,-9.0,-5.5,,7.5,-0.0,-6.0,-0.5,0.5,-24.5,11.0,18.0,-14.0,2.0,
Carolina Panthers,2017,Carolina Panthers-2017,14.5,-1.0,-26.0,12.0,5.5,-8.0,-17.0,16.0,6.0,16.0,,3.0,-5.5,9.5,4.0,-7.0,-7.0,
Carolina Panthers,2018,Carolina Panthers-2018,5.5,-1.5,7.5,,-5.0,-7.0,9.0,17.5,8.0,-27.5,-5.0,-6.0,-10.5,-7.0,3.0,-11.0,27.0,
Carolina Panthers,2019,Carolina Panthers-2019,-1.0,-12.5,20.5,11.0,4.0,9.0,,-34.0,6.5,-3.0,-30.0,7.0,-18.5,-16.5,0.0,-25.0,-18.0,
Carolina Panthers,2020,Carolina Panthers-2020,-1.0,-6.0,11.5,13.0,9.5,-8.5,3.5,-10.0,8.0,-17.0,21.5,2.0,,-9.0,1.0,6.0,-20.0,
Carolina Panthers,2021,Carolina Panthers-2021,0.0,22.5,7.0,-3.5,-5.5,-3.5,-25.0,8.5,-14.5,31.0,-9.0,-24.0,,-10.5,-2.5,-15.0,-1.0,-13.5
Carolina Panthers,2022,Carolina Panthers-2022,-3.0,-4.0,10.0,-11.0,-16.0,-4.0,31.0,1.0,-14.0,12.5,2.5,14.0,,10.0,-10.5,16.5,-2.5,6.5
Chicago Bears,2000,Chicago Bears-2000,1.5,-34.0,-9.0,-8.0,8.5,-26.5,-6.0,2.5,,10.0,-10.0,11.0,-0.0,-19.5,5.0,-11.0,13.0,
Chicago Bears,2001,Chicago Bears-2001,-0.5,10.0,,31.5,0.0,25.0,4.0,1.5,-5.5,8.0,10.0,-4.0,-4.5,21.5,6.0,18.5,14.0,
Chicago Bears,2002,Chicago Bears-2002,-0.5,3.5,-4.0,-3.0,-14.0,,-6.0,-16.0,1.0,2.0,5.5,-2.0,-0.5,-7.5,13.5,-6.0,-8.0,
Chicago Bears,2003,Chicago Bears-2003,-35.5,-2.0,,-11.0,6.5,-0.5,4.0,5.0,12.0,-2.0,4.0,19.5,20.5,-5.5,6.0,-1.0,-20.5,
Chicago Bears,2004,Chicago Bears-2004,-5.5,20.0,7.0,-1.5,,-4.5,-5.0,8.0,16.0,7.5,-23.0,-10.5,17.0,-26.0,-20.0,-0.0,-20.0,
Chicago Bears,2005,Chicago Bears-2005,4.0,34.5,-14.0,,-7.0,23.0,3.0,9.0,0.5,-4.0,13.0,6.0,5.0,-8.0,10.0,-0.0,-21.0,
Chicago Bears,2006,Chicago Bears-2006,22.5,20.0,-0.5,27.5,23.5,-12.0,,14.5,-31.5,19.0,4.5,-0.5,1.0,8.5,-10.5,-1.0,-21.5,
Chicago Bears,2007,Chicago Bears-2007,-5.0,-2.0,-27.0,-12.5,10.5,-7.5,8.5,-15.0,,7.5,-1.5,2.0,-4.0,-5.0,3.5,35.5,7.0,
Chicago Bears,2008,Chicago Bears-2008,26.0,-0.0,-6.0,7.0,24.0,-5.0,4.0,,-8.5,-4.0,-30.5,17.0,-15.0,6.5,0.0,-1.0,-4.0,
Chicago Bears,2009,Chicago Bears-2009,-1.0,6.0,3.5,14.5,,-3.5,-37.0,10.5,-23.0,-1.0,-0.5,-16.0,-1.0,-3.0,-13.0,14.5,9.5,
Chicago Bears,2010,Chicago Bears-2010,-1.5,14.0,6.0,-10.5,20.0,-9.0,-6.0,,-0.0,15.0,18.0,8.5,-1.5,-26.0,19.0,1.0,3.5,
Chicago Bears,2011,Chicago Bears-2011,19.5,-12.0,-5.0,-2.0,-4.0,26.5,4.0,,14.0,21.0,6.5,-2.0,-16.0,0.5,-27.5,-1.0,6.5,
Chicago Bears,2012,Chicago Bears-2012,10.0,-7.5,10.0,19.0,31.5,,-0.5,-6.5,26.0,-8.0,-20.0,11.5,-9.5,-8.5,-5.0,8.0,-1.0,
Chicago Bears,2013,Chicago Bears-2013,0.0,-5.5,14.5,-5.5,-6.5,-2.5,-5.0,,16.5,-0.5,-0.5,-19.5,-2.0,15.5,8.0,-40.0,-2.0,
Chicago Bears,2014,Chicago Bears-2014,-10.0,15.0,9.5,-19.0,-5.5,17.5,-16.0,-22.0,,-31.5,5.5,4.0,-9.5,-9.5,-13.0,4.0,3.0,
Chicago Bears,2015,Chicago Bears-2015,-1.5,-23.0,-9.5,5.0,10.5,0.5,,-1.5,6.5,31.0,0.0,12.0,-12.5,-7.0,-17.0,8.0,-1.5,
Chicago Bears,2016,Chicago Bears-2016,-3.5,-18.0,-7.5,6.0,-2.0,-3.5,-8.5,14.5,,-28.5,1.0,0.5,21.0,4.5,1.5,-17.0,-22.0,
Chicago Bears,2017,Chicago Bears-2017,1.0,-15.0,13.0,-13.5,0.0,9.5,17.0,1.0,,-11.5,0.0,-14.5,-4.0,32.0,-5.0,11.5,0.5,
Chicago Bears,2018,Chicago Bears-2018,5.5,2.5,-3.5,35.0,,-10.5,-6.0,5.5,21.5,4.5,2.5,4.0,-7.0,12.0,1.5,1.0,20.0,
Chicago Bears,2019,Chicago Bears-2019,-10.0,-1.0,11.0,9.0,-9.5,,-15.0,-4.5,-3.0,1.0,-4.5,-1.0,-1.5,10.0,-3.5,-16.0,-2.5,
Chicago Bears,2020,Chicago Bears-2020,6.5,-1.5,7.0,-5.0,4.5,8.5,-8.0,1.0,-0.5,-3.0,,-6.5,-7.0,30.0,9.0,14.5,-14.5,
Chicago Bears,2021,Chicago Bears-2021,-12.5,0.0,-12.5,7.0,16.5,-4.5,-23.0,-6.5,5.0,,-2.0,-0.0,-3.5,-3.0,-1.0,8.0,19.5,-10.5
Chicago Bears,2022,Chicago Bears-2022,15.5,-7.0,0.0,-5.0,1.5,-4.0,27.5,-10.0,1.0,-4.0,-0.5,-13.5,-5.5,,3.5,-14.0,-26.5,-9.5
Cincinnati Bengals,2000,Cincinnati Bengals-2000,,-23.0,-26.0,-25.5,-8.0,1.0,-6.5,20.0,6.0,-14.0,-8.5,4.0,-16.0,7.0,-19.0,13.5,1.5,
Cincinnati Bengals,2001,Cincinnati Bengals-2001,6.0,18.0,-7.5,-4.0,8.5,-25.0,7.0,,-21.0,-14.5,-12.0,2.0,-5.0,7.5,-5.5,11.0,7.5,
Cincinnati Bengals,2002,Cincinnati Bengals-2002,-31.0,-9.5,-20.0,-21.5,6.5,-20.5,,-1.5,37.5,-7.0,-4.0,2.5,-1.5,-18.0,-11.0,14.0,-10.5,
Cincinnati Bengals,2003,Cincinnati Bengals-2003,-14.0,9.0,-2.5,11.5,1.0,,9.0,6.0,-6.0,3.0,11.0,4.0,7.0,-13.0,0.0,-10.0,-16.5,
Cincinnati Bengals,2004,Cincinnati Bengals-2004,-1.5,-2.5,-12.5,-7.0,,-14.0,20.0,-4.0,23.0,11.0,-1.0,4.0,7.5,3.5,-13.0,-5.5,24.0,
Cincinnati Bengals,2005,Cincinnati Bengals-2005,10.5,26.0,14.0,-3.5,-6.0,5.0,-17.0,0.0,8.5,,-3.5,4.0,11.0,-9.5,16.5,-23.0,-26.5,
Cincinnati Bengals,2006,Cincinnati Bengals-2006,11.5,6.5,10.0,-31.0,,-6.0,0.0,-6.5,-3.0,-6.5,18.0,27.0,3.5,6.5,-14.5,2.0,-12.0,
Cincinnati Bengals,2007,Cincinnati Bengals-2007,4.5,-13.0,-0.0,-13.5,,-9.5,1.0,-7.0,-13.0,17.0,-11.5,30.0,-7.0,-1.0,-15.5,8.0,10.0,
Cincinnati Bengals,2008,Cincinnati Bengals-2008,-9.0,-18.0,10.0,-9.0,7.0,-4.0,-19.5,-20.0,9.5,,9.0,-5.5,-24.0,-18.5,13.5,16.0,8.5,
Cincinnati Bengals,2009,Cincinnati Bengals-2009,-10.0,14.5,6.5,-3.5,12.0,-14.5,37.0,,13.0,12.5,-11.5,-3.0,-3.5,-14.0,4.0,-6.0,-27.0,
Cincinnati Bengals,2010,Cincinnati Bengals-2010,-8.5,8.0,9.5,-5.5,-10.0,,-3.5,-9.0,-0.5,1.0,-22.0,-6.5,3.0,-8.0,2.0,22.0,3.5,
Cincinnati Bengals,2011,Cincinnati Bengals-2011,17.0,1.0,-6.0,6.0,7.5,5.5,,20.5,10.0,-3.0,-0.0,-4.0,-21.0,-4.0,-0.0,3.0,-5.5,
Cincinnati Bengals,2012,Cincinnati Bengals-2012,-24.0,0.0,10.0,15.5,-7.0,-12.0,-8.0,,-2.5,22.5,19.0,16.0,4.5,-4.5,16.0,6.5,3.0,
Cincinnati Bengals,2013,Cincinnati Bengals-2013,-0.0,3.5,7.0,-15.5,8.0,-3.0,4.5,35.5,-5.0,-1.0,16.5,,5.5,7.0,-11.5,20.5,10.0,
Cincinnati Bengals,2014,Cincinnati Bengals-2014,8.0,8.5,19.5,,-28.5,-7.0,-24.0,5.5,0.0,-27.5,25.5,12.0,-5.0,-24.0,32.5,12.5,-7.0,
Cincinnati Bengals,2015,Cincinnati Bengals-2015,23.0,1.5,5.5,11.5,0.0,10.0,,6.0,8.0,-14.0,1.0,14.5,26.5,-14.0,3.5,1.0,-1.5,
Cincinnati Bengals,2016,Cincinnati Bengals-2016,-0.0,-5.0,-15.5,7.5,-16.5,-10.5,3.0,-3.0,,-1.0,-6.5,-1.5,16.5,8.0,-1.0,1.0,19.5,
Cincinnati Bengals,2017,Cincinnati Bengals-2017,-23.0,-10.5,6.0,21.0,1.0,,-11.0,-10.0,-22.0,0.5,5.5,6.0,1.5,-32.0,-14.5,12.5,12.0,
Cincinnati Bengals,2018,Cincinnati Bengals-2018,10.0,10.0,-7.5,4.5,3.5,-8.5,-28.5,-0.5,,-31.0,3.5,-14.0,-10.0,12.0,11.0,2.0,11.0,
Cincinnati Bengals,2019,Cincinnati Bengals-2019,8.0,-25.0,2.0,-20.5,-6.0,4.5,-6.0,-2.0,,-25.5,6.0,0.5,19.0,-1.5,-10.5,-4.5,12.5,
Cincinnati Bengals,2020,Cincinnati Bengals-2020,0.0,1.0,4.5,5.5,-13.0,3.5,0.0,18.0,,-19.0,-9.5,4.0,-2.0,-20.0,24.5,13.5,-21.5,
Cincinnati Bengals,2021,Cincinnati Bengals-2021,6.0,-0.0,16.5,-4.5,-1.0,19.5,30.5,-14.5,-27.0,,17.0,27.5,-21.5,-1.5,8.0,12.5,6.5,1.5
Cincinnati Bengals,2022,Cincinnati Bengals-2022,-10.0,-10.0,8.5,8.0,1.0,1.0,11.5,-22.0,14.0,,3.5,3.0,5.5,9.0,7.5,1.0,,0.0
Cleveland Browns,2000,Cleveland Browns-2000,-9.5,23.0,5.5,-15.5,-3.5,-3.5,-21.5,-13.0,-6.0,-11.0,15.0,2.0,-22.0,-62.5,3.0,-8.0,,
Cleveland Browns,2001,Cleveland Browns-2001,1.0,11.5,0.5,7.0,-8.5,17.5,,-1.5,0.0,18.0,12.0,-17.5,-6.0,-7.0,-15.5,8.0,-14.0,
Cleveland Browns,2002,Cleveland Browns-2002,-3.0,9.5,7.5,3.0,-11.0,-6.5,8.5,6.0,0.5,,4.0,14.5,-14.5,-1.5,-3.0,3.5,10.5,
Cleveland Browns,2003,Cleveland Browns-2003,-1.0,-17.5,8.0,-11.5,27.0,2.5,-9.5,-1.5,,-12.0,33.0,-10.0,-20.5,-0.5,8.5,-32.0,16.5,
Cleveland Browns,2004,Cleveland Browns-2004,20.5,-2.5,-14.0,6.5,-6.5,14.0,4.0,,-8.0,-10.5,-1.5,-4.0,-16.0,-19.0,-13.0,6.0,18.0,
Cleveland Browns,2005,Cleveland Browns-2005,-10.5,9.0,6.5,,7.0,-9.0,-6.0,-1.0,3.0,-5.5,19.5,-8.5,-3.0,9.5,5.0,-34.0,7.0,
Cleveland Browns,2006,Cleveland Browns-2006,-8.0,-6.5,5.5,0.5,-0.5,,-5.5,5.5,6.5,11.5,0.0,-27.0,8.0,-12.5,2.0,-18.0,-2.0,
Cleveland Browns,2007,Cleveland Browns-2007,-22.5,13.0,1.0,18.5,-1.5,6.0,,4.0,1.5,6.5,1.0,7.0,-6.0,2.5,3.0,-8.0,1.5,
Cleveland Browns,2008,Cleveland Browns-2008,-12.0,2.5,-15.5,9.0,,29.0,4.0,-1.0,-12.5,-7.0,7.0,-13.0,0.0,-5.5,-4.0,-16.0,-19.5,
Cleveland Browns,2009,Cleveland Browns-2009,-9.5,-18.0,-17.5,3.5,8.5,1.0,-19.0,-10.5,,-5.0,2.0,3.0,6.5,17.0,10.0,11.0,4.0,
Cleveland Browns,2010,Cleveland Browns-2010,-0.5,-5.0,5.5,5.5,-7.0,-4.0,25.5,,24.0,-2.5,-6.5,-6.5,9.0,-7.0,-2.0,-6.0,-25.5,
Cleveland Browns,2011,Cleveland Browns-2011,-17.0,6.5,3.0,-19.5,,-0.5,0.0,-0.5,-7.5,-4.0,2.5,4.0,-7.0,3.0,3.5,5.0,3.0,
Cleveland Browns,2012,Cleveland Browns-2012,8.5,-0.0,-7.0,4.5,-6.0,12.0,-3.0,4.0,-6.5,,4.0,8.0,0.5,16.0,-21.0,-11.0,-4.5,
Cleveland Browns,2013,Cleveland Browns-2013,-15.5,-1.0,11.0,15.5,9.0,-11.5,-8.5,1.0,7.0,,-16.5,-18.0,-11.5,8.5,-8.0,-9.5,-3.5,
Cleveland Browns,2014,Cleveland Browns-2014,2.5,6.5,0.0,,-0.0,18.5,-22.0,3.5,-2.0,27.5,-20.5,5.0,-13.0,2.0,-32.5,2.0,4.0,
Cleveland Browns,2015,Cleveland Browns-2015,-17.5,15.0,-10.5,2.0,9.5,0.5,-12.0,-7.0,-8.0,-14.0,,-12.0,-26.5,11.5,-2.5,7.5,-3.0,
Cleveland Browns,2016,Cleveland Browns-2016,-15.5,-0.5,4.0,-3.5,-10.0,5.5,-3.0,-0.5,-18.0,-13.5,-6.5,-7.5,,-8.0,-9.5,7.5,-0.0,
Cleveland Browns,2017,Cleveland Browns-2017,6.0,-6.5,-4.0,-21.0,-1.5,-6.5,2.5,-7.5,,-3.5,-4.5,-6.0,4.5,-3.5,-10.5,-11.5,1.0,
Cleveland Browns,2018,Cleveland Browns-2018,3.5,7.0,1.0,-0.5,6.0,-25.0,0.5,-6.5,-8.5,17.5,,14.0,-11.0,7.0,2.0,-2.0,5.0,
Cleveland Browns,2019,Cleveland Browns-2019,-35.5,13.5,-3.0,22.0,-23.5,-5.0,,-4.0,-9.0,0.0,11.0,6.0,-8.0,1.5,-17.0,-6.0,-12.5,
Cleveland Browns,2020,Cleveland Browns-2020,-25.0,-1.0,7.0,14.5,8.0,-28.0,-0.0,-11.5,,-1.0,2.0,-5.0,9.5,-2.0,7.5,-13.5,-8.5,
Cleveland Browns,2021,Cleveland Browns-2021,2.0,-2.5,12.5,6.0,-2.5,-26.0,1.0,-10.5,27.0,-35.5,-10.5,-3.0,,-1.0,-1.0,5.5,-10.0,-1.5
Cleveland Browns,2022,Cleveland Browns-2022,3.0,-7.5,7.5,-4.0,-0.5,-25.5,3.5,22.0,,-19.0,-0.5,9.0,5.5,-9.0,7.0,-10.0,16.0,-11.5
Dallas Cowboys,2000,Dallas Cowboys-2000,-33.0,2.0,16.5,-23.5,9.5,,-1.0,34.0,-10.0,-0.0,8.5,-20.0,-5.0,-10.0,25.0,2.5,-17.5,
Dallas Cowboys,2001,Dallas Cowboys-2001,5.0,-7.5,-8.5,11.0,-1.0,,17.0,7.5,-1.0,-26.0,5.0,14.5,10.5,-20.5,-3.5,12.5,-8.0,
Dallas Cowboys,2002,Dallas Cowboys-2002,-17.5,11.5,-21.0,15.0,-2.5,-1.0,0.5,-5.0,1.0,,-10.5,4.5,8.0,0.5,-25.0,-17.0,1.5,
Dallas Cowboys,2003,Dallas Cowboys-2003,-16.0,10.5,,14.0,9.5,1.0,28.0,-10.0,1.0,0.0,-8.0,1.0,-22.0,-20.5,24.0,3.5,-7.0,
Dallas Cowboys,2004,Dallas Cowboys-2004,-11.5,2.5,4.5,,-19.5,-7.0,-17.0,7.0,-23.0,-21.0,-12.5,10.5,11.0,-21.0,6.5,5.5,-3.0,
Dallas Cowboys,2005,Dallas Cowboys-2005,9.0,-7.0,-3.5,-3.0,26.5,-0.5,-0.0,14.0,,4.0,5.0,-4.5,-4.0,0.0,-25.0,9.5,-22.5,
Dallas Cowboys,2006,Dallas Cowboys-2006,-9.5,10.0,,21.5,-12.0,15.0,-17.0,26.5,-6.0,10.5,8.0,17.0,-0.5,-31.5,6.5,-23.0,-22.0,
Dallas Cowboys,2007,Dallas Cowboys-2007,3.5,13.5,27.0,15.0,-10.0,-16.0,0.5,,18.0,9.5,-6.0,16.5,3.5,-9.5,-14.0,-3.5,-12.0,
Dallas Cowboys,2008,Dallas Cowboys-2008,12.0,-2.5,8.0,-12.0,-7.0,-11.0,-28.0,2.5,-12.5,,2.0,3.5,13.0,-3.0,9.0,-14.5,-36.0,
Dallas Cowboys,2009,Dallas Cowboys-2009,8.0,-5.0,5.5,-10.0,-1.0,,11.0,11.5,7.0,-13.0,-9.5,3.5,-8.5,-6.5,14.5,10.0,21.0,
Dallas Cowboys,2010,Dallas Cowboys-2010,-9.0,-14.0,16.5,,-14.0,-1.5,-9.5,-24.5,-31.0,25.5,9.0,1.5,8.5,1.0,-6.5,-8.5,1.0,
Dallas Cowboys,2011,Dallas Cowboys-2011,3.0,-0.0,-1.5,-6.5,,3.0,13.0,-24.0,-1.0,32.5,-4.0,-6.0,-10.5,-7.5,9.0,-10.5,-14.0,
Dallas Cowboys,2012,Dallas Cowboys-2012,11.0,-23.0,-1.0,-19.0,,1.0,2.5,-2.5,-1.5,12.5,-4.0,-10.5,-5.5,4.5,5.5,-6.0,-7.0,
Dallas Cowboys,2013,Dallas Cowboys-2013,1.5,2.0,20.5,-10.5,6.0,9.5,16.5,2.0,-4.5,-26.5,,5.5,-1.0,-15.5,-5.0,-1.5,5.0,
Dallas Cowboys,2014,Dallas Cowboys-2014,-7.5,19.0,1.5,24.0,-2.0,17.0,5.0,-12.5,-12.5,6.5,,-1.0,-26.0,9.5,14.5,31.5,21.0,
Dallas Cowboys,2015,Dallas Cowboys-2015,-6.0,16.5,-11.0,-3.0,-15.5,,-4.0,4.0,-3.0,-5.0,8.0,-18.0,5.0,-14.5,0.5,-3.5,-14.0,
Dallas Cowboys,2016,Dallas Cowboys-2016,0.0,7.0,7.5,6.0,16.5,19.0,,1.0,18.0,8.0,3.0,-1.0,-1.0,-6.5,-1.0,14.5,-7.5,
Dallas Cowboys,2017,Dallas Cowboys-2017,12.5,-27.0,8.0,-11.0,-6.0,,23.5,12.0,8.5,-16.5,-22.0,-21.0,26.0,16.0,-0.0,-13.5,2.5,
Dallas Cowboys,2018,Dallas Cowboys-2018,-5.5,4.0,-10.0,-0.5,0.5,36.0,-4.0,,-18.5,14.5,6.5,1.0,10.5,2.5,-20.0,-0.5,8.5,
Dallas Cowboys,2019,Dallas Cowboys-2019,11.0,4.0,3.5,-4.5,-13.0,-9.0,24.0,,12.5,-7.0,1.0,1.5,-17.5,-10.0,24.0,-10.0,18.5,
Dallas Cowboys,2020,Dallas Cowboys-2020,-5.0,-2.5,-2.0,-14.5,-5.0,-27.0,-21.0,-2.5,9.0,,10.0,-28.0,-8.5,20.0,12.0,23.0,-5.5,
Dallas Cowboys,2021,Dallas Cowboys-2021,5.5,6.0,16.5,3.5,17.0,2.5,,8.0,-24.0,32.5,-7.5,-10.0,3.5,0.5,3.0,32.0,-9.5,19.0
Dallas Cowboys,2022,Dallas Cowboys-2022,-13.5,10.0,8.0,12.0,17.0,-2.5,11.0,10.0,,-6.5,35.0,-2.0,24.0,-13.0,-10.0,2.0,-0.0,-27.5
Denver Broncos,2000,Denver Broncos-2000,1.5,23.5,12.0,-8.0,-17.5,7.5,21.5,-20.0,,10.0,0.0,-8.5,4.0,15.0,-3.0,-16.0,22.0,
Denver Broncos,2001,Denver Broncos-2001,4.0,12.5,-11.5,4.0,-19.0,-19.5,4.0,-4.5,4.5,-15.5,-5.0,-8.0,7.0,-5.5,,5.0,-17.0,
Denver Broncos,2002,Denver Broncos-2002,10.0,13.5,-2.5,-20.0,10.5,-5.5,-0.0,11.0,,-30.0,16.5,-9.0,-6.0,-7.5,3.5,-8.5,16.5,
Denver Broncos,2003,Denver Broncos-2003,14.0,21.0,15.5,-8.0,2.5,-3.5,-4.0,-17.5,-6.0,,20.5,-19.5,11.0,15.0,-8.5,20.5,-18.0,
Denver Broncos,2004,Denver Broncos-2004,7.0,-4.0,0.5,-0.0,-1.0,25.5,-20.0,-20.0,11.0,,15.0,-12.5,-0.0,-8.5,-31.0,17.0,9.0,
Denver Broncos,2005,Denver Broncos-2005,-28.5,0.0,17.5,9.0,-5.0,5.0,1.0,25.0,,11.5,14.0,4.5,-4.0,-12.0,3.0,6.5,23.0,
Denver Broncos,2006,Denver Broncos-2006,-11.5,-8.0,16.5,,5.0,-6.0,5.5,-6.0,13.5,-4.0,-10.5,-8.0,-7.0,-21.0,14.5,-2.0,-13.0,
Denver Broncos,2007,Denver Broncos-2007,-2.0,-7.0,-12.0,-8.0,-37.0,,7.5,-9.0,-34.0,18.5,14.0,-2.0,-17.0,26.5,-20.5,-11.5,6.0,
Denver Broncos,2008,Denver Broncos-2008,24.0,0.0,-3.5,-23.0,-1.0,-10.0,-31.0,,-13.0,7.0,10.5,-30.0,25.0,-2.0,-12.5,-13.5,-24.0,
Denver Broncos,2009,Denver Broncos-2009,10.0,18.0,17.5,10.0,6.0,14.5,,-19.5,-15.0,-13.5,-23.0,24.5,25.0,-5.5,-15.0,4.0,-30.0,
Denver Broncos,2010,Denver Broncos-2010,-10.0,13.5,-8.0,12.5,-6.0,-0.5,-52.0,-5.5,,21.0,-12.0,-6.0,4.0,-34.0,-8.0,3.5,-1.5,
Denver Broncos,2011,Denver Broncos-2011,-6.0,-1.0,4.0,-14.0,-1.5,,2.0,-31.5,21.5,10.5,10.5,8.5,4.5,-0.5,-10.5,-29.0,-6.0,
Denver Broncos,2012,Denver Broncos-2012,10.0,-3.0,-4.5,24.5,-4.0,11.0,,13.5,2.5,18.0,-0.5,-2.5,0.5,2.5,14.0,11.0,18.0,
Denver Broncos,2013,Denver Broncos-2013,14.5,14.0,-0.5,20.5,-6.0,-10.5,-12.0,13.0,,1.0,2.5,-5.5,1.0,9.5,-16.5,14.5,10.0,
Denver Broncos,2014,Denver Broncos-2014,-1.0,-6.0,-2.0,,13.0,4.0,18.0,5.0,-25.0,11.0,-23.0,-3.5,14.0,-2.0,8.0,-12.5,16.5,
Denver Broncos,2015,Denver Broncos-2015,1.5,10.0,9.0,-4.0,0.5,-0.5,,21.5,-6.5,-19.5,-0.0,8.5,8.0,-9.0,0.5,-1.0,-3.0,
Denver Broncos,2016,Denver Broncos-2016,4.0,8.0,15.5,17.0,-10.5,-11.0,9.5,4.5,-9.0,5.0,,-6.5,6.5,-1.0,-10.0,-19.5,17.0,
Denver Broncos,2017,Denver Broncos-2017,-0.5,27.0,-13.0,3.0,,-25.0,-22.5,-3.0,-21.0,-18.0,-5.5,-2.0,-27.5,24.0,9.0,-13.0,-6.0,
Denver Broncos,2018,Denver Broncos-2018,0.0,-4.5,-7.5,-0.5,-17.0,4.0,34.0,1.5,-3.0,,8.5,10.0,10.0,-9.0,-2.0,-15.5,-7.0,
Denver Broncos,2019,Denver Broncos-2019,-11.0,1.0,-4.0,-4.5,11.5,14.5,-21.0,4.0,9.0,,6.0,-13.5,7.5,22.0,-11.0,2.5,-3.5,
Denver Broncos,2020,Denver Broncos-2020,1.0,1.5,-12.0,10.5,,14.0,-20.0,4.5,-3.0,-21.5,10.5,-13.5,7.0,9.0,-23.0,-1.0,1.5,
Denver Broncos,2021,Denver Broncos-2021,11.5,4.0,16.0,-17.0,-9.5,-15.0,-1.0,3.0,24.0,-18.0,,18.0,-4.5,15.5,-8.0,-5.0,-13.5,7.5
Denver Broncos,2022,Denver Broncos-2022,-7.0,-3.0,2.5,-6.5,-6.0,1.0,-5.0,3.0,,-4.5,-8.5,-14.0,8.0,3.0,7.5,-40.0,9.5,-3.5
Detroit Lions,2000,Detroit Lions-2000,4.0,10.5,-18.0,8.0,-8.0,4.0,,22.0,-5.0,-17.5,-5.5,15.0,18.5,2.0,-9.5,9.5,-13.0,
Detroit Lions,2001,Detroit Lions-2001,-16.5,-11.5,,-22.5,5.0,2.5,-7.0,0.5,2.0,-5.0,5.0,4.0,5.0,6.0,-23.0,-18.5,8.0,
Detroit Lions,2002,Detroit Lions-2002,-18.5,-21.0,1.5,14.0,,-2.5,6.0,0.5,-1.0,-15.5,-14.0,2.0,-2.0,-4.0,6.5,-10.5,1.5,
Detroit Lions,2003,Detroit Lions-2003,14.5,-18.0,-6.0,8.0,0.5,,-28.0,-5.0,13.5,2.0,-10.0,0.5,14.5,-10.0,-13.5,1.5,22.0,
Detroit Lions,2004,Detroit Lions-2004,5.5,9.0,-12.5,,13.5,-31.0,22.0,-7.0,-10.5,-9.5,5.0,-23.5,8.0,6.0,2.0,0.0,-7.5,
Detroit Lions,2005,Detroit Lions-2005,11.0,-34.5,,2.5,16.0,-1.0,6.0,-9.0,-14.5,4.0,-5.0,-17.0,-2.0,2.5,-16.5,4.0,1.5,
Detroit Lions,2006,Detroit Lions-2006,3.0,-20.0,-13.5,-2.0,-3.0,4.0,-3.5,,11.0,-12.0,-4.5,-14.5,6.5,-11.0,-2.0,1.0,22.0,
Detroit Lions,2007,Detroit Lions-2007,17.5,0.0,-30.0,12.5,-27.0,,4.5,15.0,34.0,-8.0,-3.5,-8.0,-27.5,9.5,-27.5,0.0,-18.0,
Detroit Lions,2008,Detroit Lions-2008,-16.0,-20.0,-13.0,,-24.0,11.0,4.5,-1.0,8.5,-19.0,5.0,-10.0,-26.0,6.5,7.0,-28.0,1.0,
Detroit Lions,2009,Detroit Lions-2009,-4.0,-4.0,11.0,-14.5,3.0,-12.0,,-11.0,-2.0,-0.0,-2.0,-10.5,3.5,-31.0,7.0,-0.0,-9.5,
Detroit Lions,2010,Detroit Lions-2010,1.5,3.5,-1.0,12.5,35.0,2.0,,9.0,2.5,-0.5,-9.0,-13.5,1.5,11.0,7.0,10.5,3.5,
Detroit Lions,2011,Detroit Lions-2011,8.5,36.0,-0.0,6.5,4.0,-11.0,-11.5,31.5,,-21.0,7.0,-7.5,-5.0,-4.0,-0.5,29.0,-10.5,
Detroit Lions,2012,Detroit Lions-2012,-5.0,-1.0,-7.0,-11.0,,6.5,0.5,1.0,11.0,-13.0,-1.0,1.0,-9.0,-0.5,-34.5,-9.0,1.0,
Detroit Lions,2013,Detroit Lions-2013,5.5,-6.0,6.0,5.5,-3.5,11.5,-4.5,-2.0,,0.5,-13.0,-10.0,24.0,-12.0,-7.5,-12.0,-3.5,
Detroit Lions,2014,Detroit Lions-2014,14.5,-16.0,10.5,9.0,-7.5,15.0,-0.5,-2.5,,1.0,-9.0,-17.5,9.5,6.5,-6.0,-4.0,-1.0,
Detroit Lions,2015,Detroit Lions-2015,-1.5,-7.5,-9.0,7.0,-20.5,-0.5,-10.0,-38.0,,12.5,6.5,28.0,-1.5,-10.0,10.5,6.0,1.5,
Detroit Lions,2016,Detroit Lions-2016,6.5,-7.0,-0.5,-6.0,4.5,0.5,4.0,-6.0,10.5,,1.5,1.5,21.5,-4.5,-7.0,-14.5,-3.5,
Detroit Lions,2017,Detroit Lions-2017,14.0,17.5,-1.0,9.0,-5.5,-10.0,,-2.0,10.5,3.5,-0.0,-4.0,-21.0,3.0,5.0,-12.5,16.5,
Detroit Lions,2018,Detroit Lions-2018,-38.0,3.0,23.0,0.5,9.0,,8.0,-17.0,-10.5,-4.5,5.0,-4.0,-3.5,11.5,1.5,-11.5,38.5,
Detroit Lions,2019,Detroit Lions-2019,-3.0,4.0,7.0,3.0,,2.5,-9.5,-1.5,-4.5,-1.0,-1.0,-7.0,1.5,-1.5,-15.0,-2.5,10.0,
Detroit Lions,2020,Detroit Lions-2020,-6.5,-15.0,8.5,-3.0,,15.0,3.0,-17.0,-10.0,0.0,-21.5,-13.0,7.0,2.0,-12.5,-28.0,1.0,
Detroit Lions,2021,Detroit Lions-2021,-0.5,-7.5,5.5,-7.0,8.0,-19.5,7.0,-35.0,,6.0,10.5,0.0,9.0,-15.5,31.0,3.5,-13.5,11.0
Detroit Lions,2022,Detroit Lions-2022,2.5,8.0,2.5,-6.5,-26.0,,-11.0,-0.5,10.0,4.0,16.0,6.5,25.0,9.0,5.0,-16.5,26.5,8.0
Green Bay Packers,2000,Green Bay Packers-2000,-6.5,-3.0,-1.0,27.0,-8.5,-4.0,-1.5,,-3.5,9.5,4.0,8.0,-17.0,19.5,9.5,12.5,0.5,
Green Bay Packers,2001,Green Bay Packers-2001,16.5,28.5,17.5,-1.0,8.0,-25.0,,-4.0,5.5,-13.0,-5.0,4.0,4.5,-8.5,15.5,-1.0,6.0,
Green Bay Packers,2002,Green Bay Packers-2002,-4.0,-17.5,-1.5,-3.5,14.0,22.5,14.0,,9.5,15.5,-16.5,-11.0,0.5,-5.5,9.0,3.5,-26.5,
Green Bay Packers,2003,Green Bay Packers-2003,-9.0,18.0,-14.5,11.0,21.0,-8.5,-6.0,,8.5,-7.5,10.5,6.5,-14.5,5.5,12.0,28.5,18.0,
Green Bay Packers,2004,Green Bay Packers-2004,13.0,-20.0,-8.0,-14.0,-24.0,31.0,17.0,13.0,,-1.5,-0.0,21.0,-24.5,-6.0,-6.5,6.5,20.0,
Green Bay Packers,2005,Green Bay Packers-2005,-11.0,-9.0,2.0,-0.0,46.0,,-1.0,-0.0,-3.5,17.5,-6.5,-1.5,-5.0,-2.5,-41.5,0.0,3.0,
Green Bay Packers,2006,Green Bay Packers-2006,-22.5,-6.0,13.5,-10.5,-0.5,,15.5,13.0,-11.0,11.0,-29.0,-0.0,-28.0,15.0,2.0,-2.0,21.5,
Green Bay Packers,2007,Green Bay Packers-2007,6.0,24.5,12.5,6.0,-10.5,0.0,,9.0,13.5,28.0,4.0,8.0,-3.5,21.0,12.0,-35.5,18.0,
Green Bay Packers,2008,Green Bay Packers-2008,2.5,20.0,-8.0,-7.0,-8.0,11.0,22.5,,0.5,1.5,30.5,-21.0,-7.0,-10.0,-6.5,1.0,-1.0,
Green Bay Packers,2009,Green Bay Packers-2009,1.0,-14.5,12.5,-2.0,,12.0,19.0,-15.0,-19.5,13.0,0.0,10.5,9.0,3.0,1.5,24.5,29.0,
Green Bay Packers,2010,Green Bay Packers-2010,4.0,14.0,-6.0,-12.5,-6.0,-6.0,1.5,15.0,31.0,,25.0,-1.0,9.0,-11.0,10.5,25.0,-3.5,
Green Bay Packers,2011,Green Bay Packers-2011,3.0,-4.0,5.0,14.0,4.5,7.0,-5.0,,1.0,25.0,-4.5,7.5,-4.0,18.5,-16.5,1.0,10.5,
Green Bay Packers,2012,Green Bay Packers-2012,-13.5,7.5,-5.5,-6.5,-9.5,22.0,5.0,-7.0,3.5,,1.0,-25.5,1.5,0.5,5.0,37.0,-6.0,
Green Bay Packers,2013,Green Bay Packers-2013,-1.0,10.0,-7.0,,3.5,-0.0,8.5,5.5,-16.5,-13.0,-11.0,-5.5,-24.0,-2.5,5.0,-9.0,2.0,
Green Bay Packers,2014,Green Bay Packers-2014,-15.5,0.0,-10.5,19.0,23.5,1.5,14.5,-19.0,,31.5,28.5,-4.5,2.0,-7.5,-11.5,5.5,1.0,
Green Bay Packers,2015,Green Bay Packers-2015,1.5,7.0,4.5,6.5,5.0,-3.5,,-21.5,-10.5,-12.5,17.0,-12.0,1.5,14.5,6.0,-24.0,-10.0,
Green Bay Packers,2016,Green Bay Packers-2016,0.5,-5.0,0.5,,0.0,-19.0,8.5,2.0,-12.5,-25.0,-15.0,18.0,1.0,31.0,-1.5,7.0,3.5,
Green Bay Packers,2017,Green Bay Packers-2017,5.0,-8.5,-6.0,13.5,6.0,-16.0,-5.5,,-10.5,11.5,-21.0,11.0,4.0,3.5,-4.0,-7.5,-16.5,
Green Bay Packers,2018,Green Bay Packers-2018,-5.5,2.0,-16.5,13.5,-9.0,-6.0,,5.5,-9.0,8.0,-0.0,-3.5,-16.5,10.0,-1.5,3.0,-38.5,
Green Bay Packers,2019,Green Bay Packers-2019,10.0,2.0,4.0,-10.5,13.0,-2.5,12.5,2.0,-19.0,3.0,,-26.0,11.5,-8.0,3.5,17.0,-10.0,
Green Bay Packers,2020,Green Bay Packers-2020,11.5,15.0,10.0,7.0,,-29.0,12.0,-12.5,9.5,-10.0,-1.5,6.5,5.5,-2.0,-1.0,23.0,14.5,
Green Bay Packers,2021,Green Bay Packers-2021,-39.0,7.5,5.0,4.0,1.0,4.5,5.5,9.5,1.0,14.0,-4.0,10.0,,3.0,-8.0,-5.5,14.0,-11.0
Green Bay Packers,2022,Green Bay Packers-2022,-14.0,7.0,3.5,-6.5,-14.0,-24.5,-6.0,0.5,-10.0,6.5,-13.0,-0.5,5.5,,4.5,9.5,20.5,-8.0
Houston Texans,2002,Houston Texans-2002,17.5,-7.5,-9.5,1.0,,0.0,-8.5,-9.0,-37.5,2.0,3.5,7.5,-4.5,32.0,-1.0,-9.5,-0.5,
Houston Texans,2003,Houston Texans-2003,15.0,-13.0,-20.5,6.5,,-12.5,-1.5,4.0,10.0,-3.0,9.0,2.0,1.0,-36.5,-1.5,2.5,6.0,
Houston Texans,2004,Houston Texans-2004,-11.5,-9.0,10.5,15.0,-2.5,15.5,,12.0,-11.0,-26.5,0.0,8.0,-15.0,1.0,20.0,14.5,-18.0,
Houston Texans,2005,Houston Texans-2005,-10.5,-15.5,,3.5,-15.5,-23.5,-3.5,1.0,-18.0,3.0,-21.5,-2.5,6.0,3.5,12.0,-12.0,-4.0,
Houston Texans,2006,Houston Texans-2006,-8.0,-6.5,-12.5,6.0,,-15.0,28.0,-3.0,9.0,-7.5,-5.5,-9.5,12.5,-7.5,-20.5,12.5,2.0,
Houston Texans,2007,Houston Texans-2007,14.0,19.5,0.5,-12.5,-2.5,-27.0,-4.0,-15.0,10.0,,12.0,-7.0,-4.5,16.5,20.5,-16.5,7.0,
Houston Texans,2008,Houston Texans-2008,-14.5,,-14.0,-9.5,0.5,-2.0,-4.5,20.0,-1.5,-30.5,2.0,13.0,10.0,10.0,4.0,-18.0,4.0,
Houston Texans,2009,Houston Texans-2009,-21.5,10.0,-11.5,15.0,-1.0,14.5,0.0,17.5,5.5,,-6.5,-5.0,-6.5,20.0,-11.0,9.0,-0.5,
Houston Texans,2010,Houston Texans-2010,11.0,-0.0,-16.5,3.5,-27.0,-0.5,,-7.5,-3.0,-7.0,3.5,15.0,-2.0,-3.0,-13.0,-3.5,13.0,
Houston Texans,2011,Houston Texans-2011,18.0,7.0,-3.0,3.0,-9.5,-8.0,36.5,0.0,7.5,24.0,,0.5,9.0,4.0,-21.0,-10.0,1.0,
Houston Texans,2012,Houston Texans-2012,6.5,13.0,4.5,10.5,-4.0,-22.0,23.5,,0.5,8.0,-9.5,-1.0,7.0,-22.5,1.5,-24.5,-18.0,
Houston Texans,2013,Houston Texans-2013,-3.5,-3.0,-22.0,-1.0,-26.5,-34.0,5.0,,-2.0,0.5,-15.5,-17.0,3.5,-10.5,-16.0,-14.5,0.5,
Houston Texans,2014,Houston Texans-2014,8.0,13.0,-12.0,3.0,2.0,-2.5,-4.0,10.5,-8.5,,20.5,-12.0,17.0,7.5,-0.0,18.0,-2.5,
Houston Texans,2015,Houston Texans-2015,-6.0,-4.0,4.0,-22.5,-12.0,8.0,-13.5,10.5,,14.0,11.0,14.5,-6.0,-16.0,8.0,24.5,18.0,
Houston Texans,2016,Houston Texans-2016,3.5,6.0,-26.0,3.5,-12.0,0.0,-9.5,6.0,,-0.0,-0.5,-5.5,-1.0,11.5,-2.5,-1.0,-4.0,
Houston Texans,2017,Houston Texans-2017,-27.5,10.5,10.0,45.0,-7.0,6.5,,2.5,-12.0,-14.0,8.0,-0.0,-4.5,-11.0,-48.5,-20.0,-3.5,
Houston Texans,2018,Houston Texans-2018,-1.0,-6.5,-11.5,4.0,-0.5,-3.5,9.5,11.5,3.0,,-1.0,13.5,11.0,-7.0,-0.0,-1.0,10.0,
Houston Texans,2019,Houston Texans-2019,4.5,-6.0,10.0,-11.0,17.0,10.5,-6.0,-3.0,22.0,,-29.5,-0.5,9.0,-22.0,6.0,-0.0,-11.0,
Houston Texans,2020,Houston Texans-2020,-5.0,-10.0,-3.0,-11.5,10.5,-2.5,-12.0,,-4.5,1.0,9.5,13.0,-2.5,-30.0,0.5,-13.5,4.0,
Houston Texans,2021,Houston Texans-2021,19.0,2.5,-7.0,-21.0,5.0,-16.5,-6.0,0.5,-4.0,,19.0,-10.0,-21.0,-10.5,8.0,25.0,-2.5,7.5
Houston Texans,2022,Houston Texans-2022,7.0,3.0,-0.0,-4.5,-0.0,,-11.0,-6.0,2.0,-3.5,-10.0,-1.0,-5.5,13.0,8.5,8.0,-24.5,4.0
Indianapolis Colts,2000,Indianapolis Colts-2000,9.5,-13.5,,25.5,3.5,-11.5,7.5,-1.5,5.0,-10.0,2.0,-8.0,-8.5,-7.5,18.0,10.0,18.0,
Indianapolis Colts,2001,Indianapolis Colts-2001,19.5,6.0,-42.5,,-8.5,-31.5,4.0,13.0,-6.0,-8.5,-21.5,-5.0,-30.0,10.0,-2.0,-12.0,17.0,
Indianapolis Colts,2002,Indianapolis Colts-2002,-0.5,-8.0,9.5,,-6.5,-4.5,-13.5,-4.0,-11.0,31.5,10.5,9.0,4.5,-11.0,3.0,-21.5,-1.5,
Indianapolis Colts,2003,Indianapolis Colts-2003,1.0,23.5,2.5,32.5,7.5,-7.0,,-4.0,9.0,-11.0,1.0,-0.0,-7.5,5.5,23.5,-20.5,-6.0,
Indianapolis Colts,2004,Indianapolis Colts-2004,-0.0,12.5,8.0,3.0,12.5,,-12.0,-11.0,-4.0,26.5,23.0,23.5,15.0,-1.0,2.5,-4.0,-9.0,
Indianapolis Colts,2005,Indianapolis Colts-2005,14.0,-2.0,-6.5,14.0,11.0,4.0,3.5,,16.0,-3.0,3.5,11.0,18.0,0.5,-16.5,-8.0,-2.0,
Indianapolis Colts,2006,Indianapolis Colts-2006,2.0,6.5,0.5,-5.0,-17.0,,5.5,6.0,9.5,-11.5,-8.0,14.5,-10.5,-28.0,14.5,-12.5,-4.0,
Indianapolis Colts,2007,Indianapolis Colts-2007,25.5,-5.0,-0.5,8.0,10.0,,19.0,17.5,1.0,-5.5,-11.5,4.0,-4.0,15.0,-3.0,16.5,-1.5,
Indianapolis Colts,2008,Indianapolis Colts-2008,-26.0,2.0,-6.0,,-0.5,24.0,-22.5,-6.0,-3.5,7.5,-2.0,6.0,-0.0,18.5,-7.0,1.0,26.0,
Indianapolis Colts,2009,Indianapolis Colts-2009,-4.0,1.0,24.0,6.5,18.5,,21.5,-9.5,-5.5,-0.5,0.5,5.0,4.0,5.5,1.0,-17.0,-15.0,
Indianapolis Colts,2010,Indianapolis Colts-2010,-11.0,20.0,8.0,-10.0,2.5,-0.0,,7.5,1.0,-1.0,1.5,-24.0,-8.5,-2.0,5.5,2.5,-6.5,
Indianapolis Colts,2011,Indianapolis Colts-2011,-18.0,-6.5,8.0,3.0,-5.5,-5.5,-41.0,-9.5,-17.0,-11.0,,-4.5,13.5,2.5,20.5,10.0,-9.0,
Indianapolis Colts,2012,Indianapolis Colts-2012,-10.0,6.0,-8.0,,9.5,-23.0,3.0,9.0,5.0,13.5,-25.0,4.0,9.0,0.0,-1.5,1.0,18.0,
Indianapolis Colts,2013,Indianapolis Colts-2013,-7.5,-7.0,30.0,24.5,9.0,-10.0,12.0,,2.0,-37.0,-0.0,-26.0,4.5,-7.0,16.0,23.0,8.5,
Indianapolis Colts,2014,Indianapolis Colts-2014,1.0,-6.0,21.0,16.5,4.5,2.5,24.0,-22.0,13.0,,-25.0,7.0,14.5,-2.0,0.0,-31.5,9.5,
Indianapolis Colts,2015,Indianapolis Colts-2015,-14.0,-19.0,-1.5,-1.0,12.0,2.0,-11.0,2.5,6.5,,6.5,10.0,-25.5,-36.0,-8.0,8.5,2.0,
Indianapolis Colts,2016,Indianapolis Colts-2016,-6.5,-8.0,2.5,-4.0,2.0,-0.0,12.0,-13.0,12.5,,4.0,-12.5,32.0,-11.5,33.0,-4.5,-1.5,
Indianapolis Colts,2017,Indianapolis Colts-2017,-38.5,4.5,4.0,-16.0,1.5,-7.0,-24.0,10.0,12.0,7.5,,-0.5,-29.5,-2.5,-9.0,6.5,3.5,
Indianapolis Colts,2018,Indianapolis Colts-2018,-10.0,18.0,2.5,-4.0,-3.5,-5.5,25.0,10.5,,0.0,27.0,-6.0,-10.0,7.0,20.0,-9.0,10.5,
Indianapolis Colts,2019,Indianapolis Colts-2019,-0.0,5.5,1.5,-13.0,16.5,,6.0,-4.0,-1.0,-15.0,17.5,0.5,-13.0,-0.0,-18.5,25.0,-23.5,
Indianapolis Colts,2020,Indianapolis Colts-2020,-15.0,14.0,17.5,5.0,-8.0,-3.5,,17.0,-13.0,18.0,1.5,-22.0,2.5,14.5,-0.5,-5.0,-1.5,
Indianapolis Colts,2021,Indianapolis Colts-2021,-9.5,1.0,-4.0,12.5,1.5,16.5,15.5,-6.0,5.0,-4.5,33.0,-4.0,21.0,,8.5,9.0,-11.5,-29.0
Indianapolis Colts,2022,Indianapolis Colts-2022,-7.0,-27.0,8.0,-10.5,6.0,6.0,-6.5,-4.0,-18.0,9.0,5.0,-9.5,-24.0,,0.5,-13.5,-22.5,-4.0
Jacksonville Jaguars,2000,Jacksonville Jaguars-2000,9.5,-0.0,26.0,-25.5,0.0,-2.5,-8.0,-15.0,10.0,,0.5,13.0,6.0,62.5,49.0,-13.5,1.0,
Jacksonville Jaguars,2001,Jacksonville Jaguars-2001,21.0,9.0,-0.5,-12.5,,6.0,6.5,-1.0,21.0,-7.5,0.0,-4.0,5.0,7.0,32.5,0.5,-14.0,
Jacksonville Jaguars,2002,Jacksonville Jaguars-2002,0.5,10.5,,28.5,6.0,-10.5,-8.5,9.0,-4.0,20.5,-3.5,-4.5,1.0,1.5,11.0,-15.0,1.5,
Jacksonville Jaguars,2003,Jacksonville Jaguars-2003,3.0,-18.0,-2.5,-6.5,9.0,-10.5,,-8.5,-0.0,11.0,2.0,1.0,10.0,36.5,-8.0,4.0,-4.5,
Jacksonville Jaguars,2004,Jacksonville Jaguars-2004,6.0,4.0,9.0,-3.0,-15.5,8.5,12.0,-12.0,,9.5,0.0,-5.0,2.0,26.0,6.5,-14.5,4.5,
Jacksonville Jaguars,2005,Jacksonville Jaguars-2005,15.0,2.0,8.5,-9.0,6.0,11.0,,-6.0,18.0,35.0,-1.0,3.5,3.0,-0.5,15.5,12.0,31.0,
Jacksonville Jaguars,2006,Jacksonville Jaguars-2006,9.5,11.5,-0.5,-9.0,48.0,,-28.0,15.0,39.5,7.5,19.5,-6.0,14.0,28.0,-10.5,0.0,-2.5,
Jacksonville Jaguars,2007,Jacksonville Jaguars-2007,4.0,16.0,12.0,,8.0,27.0,-19.0,4.5,-14.0,18.5,10.0,31.0,4.0,41.5,10.0,51.5,-7.0,
Jacksonville Jaguars,2008,Jacksonville Jaguars-2008,-10.0,0.0,6.0,9.5,0.0,10.0,,1.0,-9.5,19.0,-7.0,-15.5,-10.0,-6.5,6.5,-1.0,-9.5,
Jacksonville Jaguars,2009,Jacksonville Jaguars-2009,4.0,-11.0,11.5,23.5,-39.0,12.5,,-14.0,10.0,8.5,11.5,-14.0,6.5,-2.0,-1.0,-19.0,-4.0,
Jacksonville Jaguars,2010,Jacksonville Jaguars-2010,10.0,-18.0,-22.0,10.0,12.5,-24.0,-13.0,24.5,,7.0,6.5,3.5,14.0,10.5,-5.5,3.5,-13.0,
Jacksonville Jaguars,2011,Jacksonville Jaguars-2011,3.5,-20.0,-2.5,-4.0,-7.5,8.5,15.5,-0.0,,11.0,-2.5,-0.5,-21.0,30.0,-13.5,2.5,9.0,
Jacksonville Jaguars,2012,Jacksonville Jaguars-2012,0.5,-13.0,8.0,-15.5,-31.5,,3.0,7.0,-11.0,-13.5,9.5,8.5,-10.0,-4.0,-13.5,7.5,-12.5,
Jacksonville Jaguars,2013,Jacksonville Jaguars-2013,-21.5,-5.0,-8.0,-24.5,-3.0,10.5,-11.0,-17.5,,13.5,-4.0,17.0,11.5,10.5,-3.0,0.0,-8.5,
Jacksonville Jaguars,2014,Jacksonville Jaguars-2014,-7.0,-26.0,-21.0,-6.0,-2.0,2.0,22.0,-7.0,-0.0,-6.5,,-7.0,4.0,-7.5,6.0,12.0,2.5,
Jacksonville Jaguars,2015,Jacksonville Jaguars-2015,-8.0,9.0,-20.0,1.0,-6.0,-8.0,6.5,,3.0,7.0,9.0,-1.0,-0.0,36.0,-4.0,-8.5,-18.0,
Jacksonville Jaguars,2016,Jacksonville Jaguars-2016,-0.5,-21.0,0.0,4.0,,3.5,-15.0,-11.0,2.0,0.0,-1.5,1.5,-6.5,-5.5,2.5,25.0,1.5,
Jacksonville Jaguars,2017,Jacksonville Jaguars-2017,27.5,-19.5,41.0,-6.0,29.5,-7.5,24.0,,22.0,8.0,4.5,-8.0,29.5,9.0,48.5,-15.0,-2.5,
Jacksonville Jaguars,2018,Jacksonville Jaguars-2018,2.5,13.0,7.0,26.5,-13.0,-36.0,-9.5,-2.5,,-0.0,0.0,-6.0,10.0,-15.5,4.5,13.0,-10.0,
Jacksonville Jaguars,2019,Jacksonville Jaguars-2019,-10.5,6.0,15.0,4.5,-4.0,-4.5,6.0,20.5,-22.0,,-17.5,-18.0,-14.0,-32.0,10.5,-5.0,23.5,
Jacksonville Jaguars,2020,Jacksonville Jaguars-2020,15.0,4.5,-15.0,-5.5,-10.5,-15.0,-2.5,,4.5,10.0,-13.5,5.0,7.0,-13.5,-13.5,-14.5,1.5,
Jacksonville Jaguars,2021,Jacksonville Jaguars-2021,-19.0,-4.0,-4.0,4.5,-13.5,4.5,,-20.0,17.5,4.5,-13.5,-5.5,-16.0,-11.5,-8.0,-2.5,-22.5,29.0
Jacksonville Jaguars,2022,Jacksonville Jaguars-2022,-3.0,27.0,34.5,-1.5,0.0,-6.0,-3.0,-3.0,9.5,-0.5,,4.5,-25.0,17.0,10.0,18.5,24.5,10.5
Kansas City Chiefs,2000,Kansas City Chiefs-2000,-9.5,5.5,27.5,8.0,3.0,,-6.0,27.0,1.0,-14.5,-17.5,-7.0,-4.0,-5.0,-1.5,16.0,-20.5,
Kansas City Chiefs,2001,Kansas City Chiefs-2001,0.0,-11.5,29.0,-4.0,-5.5,-10.0,-4.0,10.5,-15.5,,10.5,-10.0,7.0,5.5,-0.5,-0.5,0.5,
Kansas City Chiefs,2002,Kansas City Chiefs-2002,3.0,-10.5,5.5,21.0,1.0,2.0,0.0,12.5,,1.0,-2.5,-10.5,40.0,34.5,-3.5,0.5,-15.5,
Kansas City Chiefs,2003,Kansas City Chiefs-2003,8.5,17.5,20.5,4.0,-2.5,8.5,2.5,27.5,,12.0,-11.0,-8.0,-3.5,-15.0,13.5,-28.0,20.5,
Kansas City Chiefs,2004,Kansas City Chiefs-2004,-7.0,-18.0,-10.5,9.0,,-8.5,42.5,11.0,-6.0,-10.5,-5.0,-6.0,6.0,8.5,31.0,-8.5,-13.5,
Kansas City Chiefs,2005,Kansas City Chiefs-2005,17.0,4.5,-17.5,-8.5,,0.5,9.0,-3.0,-0.5,-8.5,21.5,7.0,4.0,-0.0,-7.0,12.0,26.5,
Kansas City Chiefs,2006,Kansas City Chiefs-2006,-11.5,8.0,,34.0,-0.5,-31.5,8.5,2.0,17.0,-1.0,-5.0,8.0,-8.0,-13.0,-2.0,4.0,2.5,
Kansas City Chiefs,2007,Kansas City Chiefs-2007,-14.0,2.0,0.0,26.0,-8.0,9.5,3.5,,-13.5,-18.5,11.5,-7.0,-8.0,-26.5,-5.5,-0.0,1.5,
Kansas City Chiefs,2008,Kansas City Chiefs-2008,9.0,-18.5,-17.5,23.0,-24.0,,-15.0,10.0,6.5,13.5,-4.0,-20.0,10.5,2.0,4.5,-3.5,-8.5,
Kansas City Chiefs,2009,Kansas City Chiefs-2009,-1.0,-4.5,-12.5,-1.5,1.0,14.5,-24.5,,-10.0,8.5,14.5,-15.5,-25.0,-3.5,-10.0,6.0,30.0,
Kansas City Chiefs,2010,Kansas City Chiefs-2010,11.0,5.0,24.0,,-2.5,0.5,13.0,-4.0,-3.0,-21.0,11.0,16.0,-4.0,-21.0,17.0,16.0,-25.5,
Kansas City Chiefs,2011,Kansas City Chiefs-2011,-37.5,-36.0,11.5,8.0,5.5,,31.5,6.0,-32.0,-10.5,-14.0,6.5,16.0,-16.5,16.5,-6.0,6.0,
Kansas City Chiefs,2012,Kansas City Chiefs-2012,-13.5,-15.0,11.5,-14.5,3.5,-23.0,,-11.0,-11.0,10.0,-19.0,2.5,12.0,-16.0,-10.5,-1.0,-18.0,
Kansas City Chiefs,2013,Kansas City Chiefs-2013,21.5,-2.0,13.5,19.5,6.0,9.5,-5.0,-1.0,5.5,,-2.5,-6.0,-1.0,32.0,19.0,-23.0,11.5,
Kansas City Chiefs,2014,Kansas City Chiefs-2014,-19.0,6.0,25.0,30.0,-1.0,,6.0,19.5,4.5,6.0,5.0,-11.5,-14.0,-5.5,7.0,-5.5,9.0,
Kansas City Chiefs,2015,Kansas City Chiefs-2015,6.0,-10.0,-4.5,-11.5,-10.5,-2.5,6.5,38.0,,19.5,27.0,3.5,11.0,-5.0,13.5,-7.5,-0.5,
Kansas City Chiefs,2016,Kansas City Chiefs-2016,-0.5,-6.0,18.0,-25.5,,15.0,-1.0,13.0,-2.0,6.0,-9.0,6.5,6.0,4.5,-8.0,19.5,4.5,
Kansas City Chiefs,2017,Kansas City Chiefs-2017,24.0,2.5,11.0,2.0,7.0,-9.5,-4.0,3.0,-8.5,,-13.0,-16.0,-10.0,6.5,18.0,5.0,6.0,
Kansas City Chiefs,2018,Kansas City Chiefs-2018,13.5,9.5,5.5,0.5,13.0,0.5,28.5,-1.5,8.5,-4.5,-0.0,,-7.0,-3.5,-4.5,-8.0,17.5,
Kansas City Chiefs,2019,Kansas City Chiefs-2019,10.5,11.0,0.0,-3.0,-16.5,-10.5,21.0,-2.0,8.5,-9.0,1.5,,20.5,10.0,11.0,16.0,0.5,
Kansas City Chiefs,2020,Kansas City Chiefs-2020,5.0,-5.5,17.0,9.0,-18.5,4.0,20.0,6.5,-8.0,,-3.5,-0.5,-7.0,-1.0,0.5,-8.0,-10.5,
Kansas City Chiefs,2021,Kansas City Chiefs-2021,-2.0,-5.0,-13.0,5.0,-21.0,11.5,-28.0,-7.5,-1.0,24.5,7.5,,4.5,29.5,3.0,16.0,-6.5,-7.5
Kansas City Chiefs,2022,Kansas City Chiefs-2022,17.0,-1.0,-8.0,11.5,-6.0,-1.5,20.0,,-11.0,0.5,-2.5,0.5,-5.5,-3.0,-8.5,4.0,-9.5,9.5
Las Vegas Raiders,2000,Las Vegas Raiders-2000,-3.5,13.5,-12.0,15.5,,1.5,6.0,20.5,-4.5,14.5,-0.0,6.0,16.0,-4.0,20.5,-9.0,34.0,
Las Vegas Raiders,2001,Las Vegas Raiders-2001,-0.0,-1.5,13.5,-11.0,8.5,,11.0,4.5,-13.0,1.0,15.5,-16.0,-7.0,3.0,-9.0,-5.0,-6.5,
Las Vegas Raiders,2002,Las Vegas Raiders-2002,6.5,17.0,,20.5,15.0,-22.0,-13.0,-12.5,-6.0,30.0,2.5,11.5,0.0,16.5,-4.5,8.5,15.5,
Las Vegas Raiders,2003,Las Vegas Raiders-2003,-1.5,-9.0,-15.5,-4.0,-6.5,-2.5,-2.5,,-13.5,0.0,14.5,8.0,-11.0,-14.5,15.0,-28.5,-1.0,
Las Vegas Raiders,2004,Las Vegas Raiders-2004,0.5,-0.5,7.0,-15.0,-12.5,-25.5,-8.0,-22.0,9.0,,-1.5,12.5,-6.0,-17.5,1.5,8.5,-4.5,
Las Vegas Raiders,2005,Las Vegas Raiders-2005,-2.5,-4.5,5.5,3.0,,-13.0,18.0,7.0,0.5,-11.5,9.0,-19.0,-14.0,-19.0,-5.0,-6.5,-1.5,
Las Vegas Raiders,2006,Las Vegas Raiders-2006,-24.0,-9.0,,-0.5,-10.5,6.0,16.0,16.0,-8.5,4.0,5.0,6.0,-12.5,-6.5,-22.0,-4.0,-9.5,
Las Vegas Raiders,2007,Las Vegas Raiders-2007,-17.5,7.0,-1.0,21.5,,-4.5,-3.5,3.0,-10.0,-7.5,-2.5,7.0,17.0,-21.0,3.0,-51.5,-4.0,
Las Vegas Raiders,2008,Las Vegas Raiders-2008,-24.0,18.5,9.0,-2.0,,-24.0,6.0,-11.0,-21.0,-1.5,8.0,30.0,-10.5,-18.0,-16.0,18.0,17.5,
Las Vegas Raiders,2009,Las Vegas Raiders-2009,6.0,4.5,-17.5,-15.0,-22.0,18.0,-32.0,8.5,,-8.5,11.5,-3.5,18.0,-18.5,15.0,-11.0,2.0,
Las Vegas Raiders,2010,Las Vegas Raiders-2010,-18.5,-1.0,4.5,-3.5,15.0,-1.0,52.0,28.0,3.0,,-25.0,-19.0,28.0,-10.5,8.0,-2.5,25.5,
Las Vegas Raiders,2011,Las Vegas Raiders-2011,6.0,1.0,13.0,-5.5,9.5,0.5,-31.5,,-21.5,14.0,8.0,2.0,-17.0,-18.5,0.5,6.0,-15.0,
Las Vegas Raiders,2012,Las Vegas Raiders-2012,-9.0,-24.0,7.0,-24.5,,7.0,-3.0,11.0,-11.0,-27.5,-14.5,-16.0,-0.5,-2.5,10.5,-1.5,5.0,
Las Vegas Raiders,2013,Las Vegas Raiders-2013,7.5,5.0,0.5,-6.0,15.0,-9.5,,5.5,-30.0,3.0,15.5,-2.0,1.0,-7.0,-19.0,-4.0,-10.0,
Las Vegas Raiders,2014,Las Vegas Raiders-2014,1.5,-13.0,7.0,-20.0,,4.0,-7.5,-3.5,7.5,-11.0,3.5,11.5,-45.5,19.0,-7.0,9.0,-16.5,
Las Vegas Raiders,2015,Las Vegas Raiders-2015,-23.0,10.0,10.5,-5.0,-0.5,,11.5,17.0,3.0,-19.0,-6.5,2.0,-11.0,9.0,-6.0,-1.0,0.5,
Las Vegas Raiders,2016,Las Vegas Raiders-2016,4.0,-11.0,5.5,4.5,-0.5,-15.0,15.0,7.0,9.0,,0.5,-0.5,11.0,-4.5,0.5,4.5,-17.0,
Las Vegas Raiders,2017,Las Vegas Raiders-2017,12.0,11.0,-20.0,-3.0,-15.5,-4.0,4.0,-17.5,-0.0,,-18.0,2.0,-2.0,-6.5,0.0,1.0,-13.0,
Las Vegas Raiders,2018,Las Vegas Raiders-2018,-13.5,4.5,-5.0,0.5,-11.0,-21.0,,-10.5,-32.5,-3.5,6.5,-4.0,7.0,13.5,-11.0,15.5,-17.5,
Las Vegas Raiders,2019,Las Vegas Raiders-2019,11.0,-11.0,-11.0,13.0,9.5,,-12.5,3.0,4.5,3.0,-6.0,-34.0,-20.5,-18.5,-10.5,14.5,3.5,
Las Vegas Raiders,2020,Las Vegas Raiders-2020,1.0,15.5,-9.5,-4.0,18.5,,-21.5,11.5,4.0,21.5,3.5,-40.0,-4.5,-14.5,-6.5,1.5,-1.5,
Las Vegas Raiders,2021,Las Vegas Raiders-2021,10.5,15.0,-0.5,-11.0,-16.5,15.0,10.0,,-10.0,-24.5,-17.0,10.0,-3.5,-29.5,1.0,5.0,11.5,6.0
Las Vegas Raiders,2022,Las Vegas Raiders-2022,-1.5,-11.5,-4.0,6.5,6.0,,11.0,-25.0,-9.5,-9.0,8.5,10.0,4.5,-7.5,3.5,-1.0,7.0,-9.5
Los Angeles Chargers,2000,Los Angeles Chargers-2000,3.5,-6.5,-27.5,-5.5,-9.0,-7.5,7.0,,4.5,2.5,-5.0,8.5,4.0,-25.5,-7.5,0.5,-10.0,
Los Angeles Chargers,2001,Los Angeles Chargers-2001,24.5,7.5,7.5,-7.0,-6.0,19.5,-4.5,-10.5,-4.5,-1.0,-10.0,-0.0,-3.0,-3.0,0.5,-4.5,,
Los Angeles Chargers,2002,Los Angeles Chargers-2002,31.0,7.5,5.5,10.0,-10.5,-2.0,13.0,,-39.5,2.0,5.5,-23.0,6.0,-16.5,-4.0,-0.5,-6.0,
Los Angeles Chargers,2003,Los Angeles Chargers-2003,-8.5,-21.0,-15.5,4.0,-9.0,,9.5,-9.5,-12.0,19.5,-20.5,-4.0,3.5,10.0,-12.0,-9.5,1.0,
Los Angeles Chargers,2004,Los Angeles Chargers-2004,11.5,-3.0,-0.5,24.0,15.5,4.5,14.0,22.0,19.5,,1.5,6.0,0.0,3.0,13.0,4.0,13.5,
Los Angeles Chargers,2005,Los Angeles Chargers-2005,-9.0,-0.0,16.5,29.5,-5.0,13.0,1.0,3.0,-0.5,,29.0,3.0,14.0,-15.5,16.5,-12.0,-23.0,
Los Angeles Chargers,2006,Los Angeles Chargers-2006,24.0,21.0,,-4.0,7.0,19.0,-8.5,5.0,-6.5,6.5,10.5,-6.0,-2.5,21.0,2.0,-1.5,-7.0,
Los Angeles Chargers,2007,Los Angeles Chargers-2007,5.0,-20.5,-12.5,-26.0,37.0,4.5,,15.0,-25.0,5.5,-10.0,9.0,8.0,5.0,27.5,11.5,4.0,
Los Angeles Chargers,2008,Los Angeles Chargers-2008,-11.5,-0.0,11.0,2.0,-13.0,14.0,-8.0,-8.0,,-13.5,3.5,-6.0,-12.5,18.0,-4.5,21.5,24.0,
Los Angeles Chargers,2009,Los Angeles Chargers-2009,-6.0,-6.0,4.5,-4.5,,-14.5,24.5,-8.5,5.5,6.5,23.0,15.5,-6.5,6.5,-4.0,27.0,0.0,
Los Angeles Chargers,2010,Los Angeles Chargers-2010,-11.0,18.0,-11.0,21.5,-15.0,-11.5,-4.5,2.0,3.0,,12.0,24.0,-28.0,21.0,16.5,-22.0,1.5,
Los Angeles Chargers,2011,Los Angeles Chargers-2011,-1.5,-7.0,-11.5,3.0,1.5,,-7.0,-6.0,-1.0,-14.0,-6.5,-8.5,21.0,20.0,22.5,-29.0,15.0,
Los Angeles Chargers,2012,Los Angeles Chargers-2012,9.0,22.0,-27.0,14.5,-3.5,-11.0,,-4.0,11.0,-7.0,0.5,-2.0,-4.5,17.5,-27.0,13.0,-5.0,
Los Angeles Chargers,2013,Los Angeles Chargers-2013,3.5,10.5,-0.0,10.5,-15.0,10.0,11.0,,-6.0,-1.0,-7.0,6.0,-5.5,19.0,16.5,4.0,-11.5,
Los Angeles Chargers,2014,Los Angeles Chargers-2014,2.0,13.5,14.5,6.0,24.0,-4.0,-6.0,-5.0,-34.0,,-3.5,-1.0,7.5,-5.0,-8.0,5.0,-9.0,
Los Angeles Chargers,2015,Los Angeles Chargers-2015,1.5,-1.5,-15.0,-2.0,-8.0,3.5,-11.5,1.5,-6.5,,-27.0,1.0,-8.0,5.0,15.0,1.0,3.0,
Los Angeles Chargers,2016,Los Angeles Chargers-2016,0.5,21.0,-2.5,-4.5,0.5,11.0,7.5,-4.5,4.5,-11.5,,5.5,-10.5,-11.0,-0.5,-7.5,-4.5,
Los Angeles Chargers,2017,Los Angeles Chargers-2017,0.5,-6.5,-11.0,-3.0,8.5,4.0,22.5,-1.0,,-8.0,23.5,21.0,-4.5,11.0,-18.0,-0.5,13.0,
Los Angeles Chargers,2018,Los Angeles Chargers-2018,-13.5,3.5,-4.5,-8.5,11.0,25.0,-5.5,,9.0,3.5,-8.5,21.0,6.0,-12.0,4.5,-16.0,7.0,
Los Angeles Chargers,2019,Los Angeles Chargers-2019,0.0,-4.0,-10.0,5.0,-11.5,-13.0,-0.5,4.5,19.0,-3.0,-1.5,,-7.5,32.0,-28.0,-14.5,-0.5,
Los Angeles Chargers,2020,Los Angeles Chargers-2020,-0.0,5.5,-11.5,-0.0,4.0,,2.5,-4.5,-4.0,-6.0,-3.5,-5.5,-47.0,2.0,6.5,1.0,10.5,
Los Angeles Chargers,2021,Los Angeles Chargers-2021,3.0,-6.0,13.0,11.0,2.5,-25.0,,-6.5,2.0,-10.0,-2.0,-18.0,21.5,7.0,-3.0,-25.0,13.5,-6.0
Los Angeles Chargers,2022,Los Angeles Chargers-2022,1.5,1.0,-34.5,4.5,0.5,-1.0,-18.5,,0.5,2.0,2.5,-1.5,-4.5,9.0,0.0,13.5,14.5,3.5
Los Angeles Rams,2000,Los Angeles Rams-2000,-1.5,-4.5,0.0,14.5,9.0,,-2.0,-27.0,3.0,-16.5,12.0,-18.5,-20.5,-21.0,7.5,-4.0,1.5,
Los Angeles Rams,2001,Los Angeles Rams-2001,-0.0,-2.0,26.0,22.5,-9.5,13.0,-15.0,,16.0,-1.5,-16.5,21.0,6.0,7.0,-6.5,12.0,3.5,
Los Angeles Rams,2002,Los Angeles Rams-2002,-10.0,-17.0,-13.5,-15.0,-18.0,22.0,10.5,,8.0,-2.0,-5.5,-6.5,-9.0,-34.5,-9.0,-17.5,9.0,
Los Angeles Rams,2003,Los Angeles Rams-2003,-11.0,0.0,2.0,12.5,,26.0,6.0,13.0,-25.0,4.5,-4.0,-4.0,25.0,0.5,-2.0,10.0,-22.0,
Los Angeles Rams,2004,Los Angeles Rams-2004,-4.0,-15.0,-9.0,6.0,14.0,0.5,-22.0,,-20.5,13.5,-18.0,-21.0,-1.0,-6.0,-27.0,9.0,6.5,
Los Angeles Rams,2005,Los Angeles Rams-2005,-7.5,4.0,-2.5,-17.0,-9.0,-4.0,6.0,6.0,,-8.0,-19.0,2.5,-12.0,-7.0,-4.0,-13.0,22.5,
Los Angeles Rams,2006,Los Angeles Rams-2006,11.5,-10.0,7.5,2.0,0.5,1.0,,-5.0,-17.0,1.0,-8.5,-1.5,-20.5,-8.5,22.0,4.0,17.5,
Los Angeles Rams,2007,Los Angeles Rams-2007,-15.0,-4.0,-17.5,-15.0,0.5,-10.0,-19.5,-4.0,,18.5,1.0,-2.0,9.0,1.0,-12.0,-9.0,-23.0,
Los Angeles Rams,2008,Los Angeles Rams-2008,-27.0,-20.0,-16.0,-8.5,,15.5,28.0,2.0,-18.0,-34.5,-12.0,-17.0,3.0,-9.5,-0.5,2.5,10.0,
Los Angeles Rams,2009,Los Angeles Rams-2009,-21.0,8.0,-12.5,-25.5,-17.5,-12.5,-21.5,11.0,,9.5,1.0,-6.5,1.0,-26.0,11.0,-5.0,-15.0,
Los Angeles Rams,2010,Los Angeles Rams-2010,-1.0,1.0,19.0,19.0,-35.0,11.5,2.0,7.5,,1.5,-13.5,6.0,9.5,-9.0,-17.0,5.5,-13.0,
Los Angeles Rams,2011,Los Angeles Rams-2011,-14.0,-5.0,-24.0,-4.0,,-7.0,-13.0,24.0,-3.0,4.0,-20.0,-5.5,-11.5,-7.5,0.0,-17.0,5.5,
Los Angeles Rams,2012,Los Angeles Rams-2012,5.0,6.5,-10.0,8.5,15.5,2.0,-5.0,-31.0,,13.0,-17.5,15.0,11.0,6.0,-16.5,18.0,5.0,
Los Angeles Rams,2013,Los Angeles Rams-2013,-0.5,-1.5,-20.5,-20.0,3.0,34.0,-8.0,8.0,-4.0,37.0,,19.5,-2.5,-15.5,18.0,6.5,-5.5,
Los Angeles Rams,2014,Los Angeles Rams-2014,-31.0,6.0,-1.5,,-2.5,-10.5,9.0,-19.5,13.5,-10.0,23.0,1.0,45.5,21.5,-12.0,-17.0,-3.0,
Los Angeles Rams,2015,Los Angeles Rams-2015,6.5,-17.0,-7.0,9.0,-5.0,,12.0,13.0,-2.0,-31.0,-0.0,-14.5,-20.5,10.0,7.0,17.0,-6.0,
Los Angeles Rams,2016,Los Angeles Rams-2016,-30.5,11.5,8.5,14.0,-8.5,-0.5,-4.5,,0.0,2.0,-3.0,-20.0,-2.5,-23.0,-6.0,-7.0,-31.0,
Los Angeles Rams,2017,Los Angeles Rams-2017,38.5,-9.5,-0.0,11.0,-7.0,7.5,30.0,,28.5,14.0,-14.5,3.5,9.0,-9.0,34.0,-1.5,-15.0,
Los Angeles Rams,2018,Los Angeles Rams-2018,13.5,20.5,4.5,-0.5,-5.5,-4.0,21.0,-5.5,-11.5,-5.0,0.0,,3.5,-12.0,-20.5,7.5,5.5,
Los Angeles Rams,2019,Los Angeles Rams-2019,1.0,16.0,3.0,-24.0,0.5,-16.0,24.0,2.0,,-9.5,4.5,-35.5,24.5,15.0,-24.0,4.0,0.0,
Los Angeles Rams,2020,Los Angeles Rams-2020,5.0,19.5,-1.0,-5.0,13.0,-10.5,8.0,-14.5,,4.0,7.5,-9.5,7.5,16.0,-20.0,-9.5,10.0,
Los Angeles Rams,2021,Los Angeles Rams-2021,12.5,-1.0,11.0,-21.0,6.5,19.5,-7.0,-0.5,-19.0,-24.5,,-10.0,16.0,10.0,3.0,4.0,-6.0,0.5
Los Angeles Rams,2022,Los Angeles Rams-2022,-19.0,-6.0,4.5,-13.5,-17.0,4.0,,-18.0,-0.0,-13.5,-4.5,-0.5,2.5,7.5,-4.5,40.0,-14.5,1.5
Miami Dolphins,2000,Miami Dolphins-2000,21.0,-3.0,14.5,2.5,8.0,7.0,,-0.0,3.5,17.5,5.0,-20.5,8.5,30.5,-5.5,-10.0,-1.0,
Miami Dolphins,2001,Miami Dolphins-2001,14.5,1.5,-26.0,10.5,-7.0,,1.5,7.0,6.0,-29.5,2.0,8.0,30.0,-17.5,-4.0,0.0,20.5,
Miami Dolphins,2002,Miami Dolphins-2002,18.5,8.0,21.0,-21.0,10.0,5.5,-19.0,,-9.5,-0.5,14.0,23.0,-19.0,7.5,4.5,-6.0,-5.0,
Miami Dolphins,2003,Miami Dolphins-2003,-15.0,8.0,7.0,,14.5,10.5,-12.5,9.5,-9.0,-18.5,-2.0,-6.0,22.0,-9.0,-10.0,20.0,-1.5,
Miami Dolphins,2004,Miami Dolphins-2004,-7.0,2.5,-12.5,-2.5,-3.0,-2.5,22.0,-20.0,-4.0,,2.5,7.0,-5.0,8.5,11.0,-6.0,4.0,
Miami Dolphins,2005,Miami Dolphins-2005,28.5,-4.0,6.5,,-3.5,-9.5,-9.0,17.0,-5.0,-4.5,-19.5,19.0,-2.0,15.5,-3.5,8.5,5.0,
Miami Dolphins,2006,Miami Dolphins-2006,-9.5,-16.5,-7.5,-6.0,-0.5,-0.5,-15.5,,31.5,1.0,1.0,14.5,-14.0,24.0,-20.0,-6.0,4.0,
Miami Dolphins,2007,Miami Dolphins-2007,-0.0,-13.5,-0.0,-21.5,2.5,-6.0,-5.5,7.0,,-0.5,-0.5,13.0,-28.0,-14.0,9.0,1.5,-10.0,
Miami Dolphins,2008,Miami Dolphins-2008,-3.0,-14.5,37.5,,13.0,2.0,-17.0,8.0,13.0,-5.5,-8.0,-18.0,-3.0,15.0,-0.5,3.5,9.5,
Miami Dolphins,2009,Miami Dolphins-2009,-8.0,-1.0,-4.5,26.5,7.0,,-5.5,8.5,0.5,-8.0,10.5,-20.5,6.0,2.0,1.5,-9.0,-3.0,
Miami Dolphins,2010,Miami Dolphins-2010,2.0,10.0,-10.5,-26.0,,6.0,2.0,9.0,-11.0,11.0,-18.0,19.0,-9.0,9.5,-8.5,-10.5,-25.0,
Miami Dolphins,2011,Miami Dolphins-2011,-6.5,-7.0,-3.0,-3.0,,-10.5,-2.0,7.0,32.0,7.0,24.0,6.0,17.0,-19.0,8.5,4.5,0.0,
Miami Dolphins,2012,Miami Dolphins-2012,-6.5,24.0,0.0,1.0,7.0,-2.0,,22.0,-5.0,-41.0,-2.5,6.0,2.0,-3.5,13.5,9.0,-18.0,
Miami Dolphins,2013,Miami Dolphins-2013,15.5,7.0,1.5,-13.5,-5.5,,-8.5,-4.5,5.0,-5.5,7.0,0.0,22.0,9.0,1.5,-20.5,-20.0,
Miami Dolphins,2014,Miami Dolphins-2014,16.5,-18.0,-25.0,20.0,,-1.5,16.0,7.0,34.0,-1.0,9.0,3.5,-3.5,-18.0,-18.5,-2.5,-20.0,
Miami Dolphins,2015,Miami Dolphins-2015,3.0,-9.0,-28.0,-10.5,,30.5,13.5,-21.0,-12.0,7.0,-8.0,-13.5,-1.5,-5.0,-15.0,-8.5,20.0,
Miami Dolphins,2016,Miami Dolphins-2016,8.5,-1.5,-4.0,-7.5,-15.5,22.5,5.5,,0.5,11.5,3.0,0.0,-28.5,5.0,18.5,7.5,-13.5,
Miami Dolphins,2017,Miami Dolphins-2017,,6.5,-19.5,-17.0,9.0,16.5,0.0,-37.0,0.0,-16.0,-9.0,-1.5,27.5,17.5,-4.5,-5.0,-3.5,
Miami Dolphins,2018,Miami Dolphins-2018,8.0,11.0,5.0,-24.5,-3.5,10.5,-8.0,-11.5,4.0,-8.0,,6.0,0.5,10.5,-16.5,-13.0,-19.5,
Miami Dolphins,2019,Miami Dolphins-2019,-42.0,-25.0,-3.5,-5.0,,4.5,7.0,1.0,11.0,15.0,-10.0,-6.0,16.0,4.0,-12.5,4.5,20.0,
Miami Dolphins,2020,Miami Dolphins-2020,-3.0,2.5,15.0,-2.5,33.5,15.0,,14.5,8.5,6.0,-10.5,10.0,2.0,1.0,11.0,-1.5,-33.0,
Miami Dolphins,2021,Miami Dolphins-2021,3.5,-32.0,0.5,-12.5,-17.0,-4.5,-0.5,-0.0,4.0,20.5,3.5,24.0,4.0,,-3.0,14.0,-28.0,15.0
Miami Dolphins,2022,Miami Dolphins-2022,10.0,7.5,6.0,-8.0,-26.0,-5.0,-1.0,0.5,-1.0,19.0,,1.0,-11.0,-9.0,4.0,-9.5,1.0,1.5
Minnesota Vikings,2000,Minnesota Vikings-2000,-1.5,3.0,9.5,,8.0,6.0,6.0,-2.5,-25.0,-9.5,4.5,4.5,5.0,-2.0,-7.5,-12.5,-18.0,
Minnesota Vikings,2001,Minnesota Vikings-2001,-21.0,-10.0,6.5,-9.5,-5.0,25.0,-24.0,,-26.5,10.0,-10.0,2.0,20.5,-6.0,-32.5,1.0,-6.0,
Minnesota Vikings,2002,Minnesota Vikings-2002,0.5,-9.5,-13.5,-22.0,,2.5,-10.0,16.0,-6.5,-5.5,16.5,1.0,-2.5,5.5,8.0,6.0,-1.5,
Minnesota Vikings,2003,Minnesota Vikings-2003,9.0,2.0,6.0,28.0,8.5,,4.0,-17.5,-8.5,-19.5,-14.5,-0.5,-25.0,28.0,-6.0,28.0,-8.5,
Minnesota Vikings,2004,Minnesota Vikings-2004,11.5,-8.0,-7.0,,2.5,3.5,11.0,-27.5,4.0,1.5,-5.0,5.0,-17.0,-10.5,-2.0,-6.5,-7.0,
Minnesota Vikings,2005,Minnesota Vikings-2005,-17.0,-26.0,13.5,-14.0,,-23.0,1.0,-17.0,14.5,13.0,6.5,8.5,2.0,7.0,-12.0,-4.5,21.0,
Minnesota Vikings,2006,Minnesota Vikings-2006,7.0,1.0,0.5,-4.0,3.0,,25.0,-21.5,-10.0,-11.0,-1.0,-1.0,-1.0,11.0,-16.0,2.0,-17.5,
Minnesota Vikings,2007,Minnesota Vikings-2007,18.0,-0.0,-0.0,-6.0,,7.5,-0.5,-6.0,25.0,-28.0,2.5,31.5,27.5,11.5,-3.5,-17.5,-6.0,
Minnesota Vikings,2008,Minnesota Vikings-2008,-2.5,-2.0,7.0,-10.0,6.0,-11.0,-4.0,,1.5,-1.5,-0.5,15.5,15.0,-6.5,24.5,-10.0,-6.0,
Minnesota Vikings,2009,Minnesota Vikings-2009,9.5,4.0,-4.0,2.0,17.5,-1.0,-4.0,15.0,,0.0,15.0,16.0,-16.0,14.0,-28.0,-14.5,29.0,
Minnesota Vikings,2010,Minnesota Vikings-2010,-0.0,-10.0,1.0,,-4.5,1.5,-1.5,-4.5,-4.5,-15.0,-25.0,1.5,19.0,-12.5,-19.0,24.5,-3.5,
Minnesota Vikings,2011,Minnesota Vikings-2011,1.5,-5.0,0.0,-8.0,20.5,-26.5,5.0,6.0,,-25.0,-8.0,-0.0,-4.5,4.0,-14.5,13.0,-6.5,
Minnesota Vikings,2012,Minnesota Vikings-2012,-0.5,-6.0,18.0,11.0,17.0,-14.0,0.5,-24.5,-6.0,13.0,,-11.5,-1.5,8.5,16.5,24.5,6.0,
Minnesota Vikings,2013,Minnesota Vikings-2013,-5.5,5.5,-11.0,10.0,,-27.5,-12.5,-5.5,4.5,8.0,-8.0,5.5,2.0,3.0,25.0,-20.5,3.5,
Minnesota Vikings,2014,Minnesota Vikings-2014,31.0,-19.5,-1.0,18.5,-23.5,-15.0,6.0,7.0,4.0,,-5.5,4.5,15.5,1.5,6.0,2.5,-3.0,
Minnesota Vikings,2015,Minnesota Vikings-2015,-19.5,7.5,15.0,4.0,,2.5,10.0,1.5,2.0,19.0,-17.0,12.0,-28.5,7.0,17.0,25.0,10.0,
Minnesota Vikings,2016,Minnesota Vikings-2016,6.5,5.0,18.5,10.5,12.0,,-14.0,-14.5,-10.5,-3.5,4.0,-1.5,1.0,5.5,-33.0,-7.0,22.0,
Minnesota Vikings,2017,Minnesota Vikings-2017,6.5,-11.0,18.5,-9.0,-0.0,16.0,4.0,7.5,,7.0,14.5,4.0,8.0,-9.5,14.5,7.5,-0.5,
Minnesota Vikings,2018,Minnesota Vikings-2018,2.0,-2.0,-37.5,0.5,5.5,0.0,16.5,-12.5,10.5,,-2.5,3.5,-8.0,-11.0,16.5,11.5,-20.0,
Minnesota Vikings,2019,Minnesota Vikings-2019,12.5,-2.0,11.0,-9.0,12.5,14.5,9.5,-6.5,-8.5,7.0,-6.0,,-4.5,1.5,28.0,-17.0,2.5,
Minnesota Vikings,2020,Minnesota Vikings-2020,-11.5,-14.0,1.5,11.5,5.5,-21.0,,12.5,10.0,3.0,-10.0,-2.0,-7.0,-5.0,-9.0,-12.5,-1.0,
Minnesota Vikings,2021,Minnesota Vikings-2021,-6.0,3.0,15.0,-6.0,-8.0,3.5,,-8.0,4.0,10.0,4.0,-4.0,-9.0,4.5,1.0,-4.0,-14.0,10.5
Minnesota Vikings,2022,Minnesota Vikings-2022,14.0,-14.5,-2.5,-1.0,-1.5,5.0,,4.0,-0.0,9.0,-35.0,4.5,2.0,-9.0,-0.5,-1.5,-20.5,9.5
New England Patriots,2000,New England Patriots-2000,-2.0,5.5,-9.5,-2.5,17.5,11.5,-20.0,1.5,,-5.0,-15.0,-4.0,-18.5,5.0,-5.0,7.5,1.0,
New England Patriots,2001,New England Patriots-2001,-6.0,-5.5,42.5,-10.5,6.0,31.5,-4.0,17.0,4.0,1.5,17.0,4.0,6.0,-1.0,4.0,,25.5,
New England Patriots,2002,New England Patriots-2002,18.5,38.0,-5.5,-10.0,-10.0,-22.5,,-11.0,34.0,-2.0,-2.5,-1.0,2.0,6.5,-14.5,-16.5,5.0,
New England Patriots,2003,New England Patriots-2003,-30.0,25.0,1.0,0.5,7.0,8.5,12.5,1.5,6.0,,8.0,-2.0,7.5,9.0,8.0,2.0,21.5,
New England Patriots,2004,New England Patriots-2004,0.0,3.0,,8.5,3.0,6.5,0.0,-17.0,20.5,16.0,5.0,14.0,16.0,-3.5,-11.0,16.0,1.0,
New England Patriots,2005,New England Patriots-2005,2.5,-13.0,6.0,-29.5,5.5,-5.0,,-2.0,-16.0,4.5,-3.0,-7.0,5.5,24.5,23.5,6.0,-5.0,
New England Patriots,2006,New England Patriots-2006,-8.0,1.0,-16.5,31.0,0.5,,16.5,21.5,-9.5,-13.5,29.0,0.5,-6.5,-24.0,20.5,-0.0,20.0,
New England Patriots,2007,New England Patriots-2007,17.5,20.5,14.5,13.5,1.5,16.0,5.5,30.5,-1.0,,30.0,-21.5,-15.5,10.5,-10.5,-1.5,-10.5,
New England Patriots,2008,New England Patriots-2008,-9.0,10.0,-37.5,,6.0,-14.0,31.0,-2.0,3.5,6.5,-6.5,18.0,-25.5,-4.5,16.0,32.0,7.5,
New England Patriots,2009,New England Patriots-2009,-12.5,-10.5,11.5,4.0,-6.0,50.0,12.5,,-0.5,0.5,6.0,-19.5,-6.0,-2.5,-0.0,19.0,0.5,
New England Patriots,2010,New England Patriots-2010,8.5,-17.0,-6.5,26.0,,0.0,4.5,4.5,-24.0,17.5,-1.5,13.5,38.0,26.0,-10.5,22.0,25.0,
New England Patriots,2011,New England Patriots-2011,6.5,7.0,-10.5,5.5,1.5,-3.0,,-11.0,-13.0,23.5,14.0,14.5,-13.5,-0.5,10.5,-4.5,18.0,
New England Patriots,2012,New England Patriots-2012,14.5,-15.5,2.0,19.5,4.0,-5.0,-7.5,31.0,,-7.5,25.0,23.0,-2.0,22.5,-12.0,-7.5,18.0,
New England Patriots,2013,New England Patriots-2013,-8.5,-8.5,12.5,10.0,-8.0,0.5,-6.0,4.5,18.5,,-1.0,5.5,-3.5,-8.5,-1.5,35.5,7.0,
New England Patriots,2014,New England Patriots-2014,-16.5,19.5,-7.0,-30.0,28.5,16.0,-7.5,22.0,25.0,,25.0,17.5,-2.0,5.0,18.5,-9.0,-12.5,
New England Patriots,2015,New England Patriots-2015,0.0,9.0,20.0,,15.5,-2.0,0.0,21.0,3.5,-6.0,0.0,-8.5,-16.5,16.0,2.5,-8.5,-20.0,
New England Patriots,2016,New England Patriots-2016,10.5,1.5,26.0,-19.5,10.0,10.5,3.5,10.5,,-14.5,1.5,-4.5,2.5,1.0,10.0,21.0,13.5,
New England Patriots,2017,New England Patriots-2017,-24.0,9.0,-10.0,-12.0,-0.0,-2.0,13.0,1.0,,18.0,18.0,1.5,11.0,-17.5,0.5,10.0,3.0,
New England Patriots,2018,New England Patriots-2018,1.0,-13.0,-23.0,24.5,3.5,-0.5,6.0,5.5,9.0,-30.5,,1.0,8.0,-10.5,-9.5,-1.5,20.5,
New England Patriots,2019,New England Patriots-2019,24.5,25.0,-5.0,-1.0,9.5,4.5,23.0,4.0,-20.0,,2.5,-1.5,-9.0,-10.0,10.5,0.5,-20.0,
New England Patriots,2020,New England Patriots-2020,3.0,-1.0,9.5,-9.0,,-14.0,-30.0,1.5,-6.5,13.0,-9.5,5.0,47.0,-16.0,-11.0,-22.0,11.0,
New England Patriots,2021,New England Patriots-2021,-3.5,13.5,-18.0,4.5,-5.0,-2.5,34.0,6.5,14.5,35.5,18.0,16.0,7.0,,-8.5,-13.0,22.5,-15.0
New England Patriots,2022,New England Patriots-2022,-10.0,-0.0,-8.5,6.5,26.0,25.5,-27.5,2.0,18.0,,3.5,-4.5,-10.0,11.5,-3.5,-1.0,-1.0,-4.0
New Orleans Saints,2000,New Orleans Saints-2000,-4.0,6.5,-4.0,-15.5,,26.5,18.0,0.5,5.0,10.5,8.0,-6.0,20.5,-15.0,7.0,6.0,-1.5,
New Orleans Saints,2001,New Orleans Saints-2001,16.5,,-5.0,9.5,-3.0,-15.0,15.0,-13.5,2.0,8.5,-17.0,-6.0,15.0,-7.0,-24.5,-35.0,-35.5,
New Orleans Saints,2002,New Orleans Saints-2002,12.0,17.5,4.0,-14.0,0.0,14.5,6.5,-5.5,,6.0,-5.5,-14.5,4.5,10.0,-8.0,-14.0,-10.0,
New Orleans Saints,2003,New Orleans Saints-2003,-14.0,13.0,-10.5,-32.5,1.0,0.5,25.0,-6.0,11.0,,-6.0,-7.5,3.0,-10.0,30.5,-4.0,7.0,
New Orleans Saints,2004,New Orleans Saints-2004,-11.5,-4.5,9.0,-27.5,-6.0,-3.5,8.0,,-19.5,10.5,-15.0,6.0,-9.0,21.0,11.5,6.5,10.0,
New Orleans Saints,2005,New Orleans Saints-2005,9.5,-14.0,-13.5,13.0,-46.0,1.0,-6.0,-17.0,-0.5,,3.0,1.0,-3.5,-9.0,-10.0,-4.0,-1.0,
New Orleans Saints,2006,New Orleans Saints-2006,8.0,6.0,24.0,4.5,-4.0,6.0,,-15.0,18.5,-0.5,-18.0,21.0,17.0,31.5,-15.5,26.0,-8.0,
New Orleans Saints,2007,New Orleans Saints-2007,-25.5,-21.0,-21.5,,-7.0,17.5,-1.5,19.5,14.0,-18.5,-12.0,22.0,-7.0,15.5,3.5,-18.0,-7.0,
New Orleans Saints,2008,New Orleans Saints-2008,1.0,-4.0,3.5,10.0,-6.0,24.0,-20.0,8.0,,-12.5,4.0,21.0,0.5,1.0,-0.0,28.0,-0.5,
New Orleans Saints,2009,New Orleans Saints-2009,4.0,23.5,14.5,6.5,,18.0,5.5,-4.0,-3.0,-9.5,20.5,19.5,-5.0,-7.0,-14.5,-17.0,-3.0,
New Orleans Saints,2010,New Orleans Saints-2010,0.0,-2.0,-6.0,-10.5,-17.0,19.5,-25.5,9.0,24.5,,4.0,-1.5,-3.0,9.0,-3.5,5.5,-17.0,
New Orleans Saints,2011,New Orleans Saints-2011,-3.0,12.0,3.0,4.0,-3.5,-12.5,41.0,-24.0,2.0,4.0,,18.0,5.0,1.5,14.5,22.0,21.0,
New Orleans Saints,2012,New Orleans Saints-2012,-17.0,-11.0,-11.5,6.5,3.5,,5.5,-13.5,12.0,5.5,14.5,-8.5,-6.5,-20.5,37.5,6.0,-10.0,
New Orleans Saints,2013,New Orleans Saints-2013,2.5,-2.0,16.5,13.5,6.5,-0.5,,7.5,-11.5,26.5,-0.5,-3.0,-22.0,15.0,-18.0,-1.0,14.5,
New Orleans Saints,2014,New Orleans Saints-2014,-6.0,-6.5,1.0,-24.0,-5.0,,0.5,19.0,15.0,-9.0,-25.5,-9.5,6.5,-39.5,13.0,-22.0,-3.0,
New Orleans Saints,2015,New Orleans Saints-2015,-9.5,-16.0,4.5,3.0,-15.5,13.0,11.0,0.0,-12.5,-34.0,,-14.5,3.0,13.0,-10.5,8.5,9.0,
New Orleans Saints,2016,New Orleans Saints-2016,-4.0,1.0,-16.0,4.5,,5.5,1.0,6.0,13.0,-5.0,0.5,20.0,-21.5,-3.0,10.0,4.0,1.5,
New Orleans Saints,2017,New Orleans Saints-2017,-6.5,-9.0,26.0,17.0,,10.0,5.5,-1.0,13.0,35.0,-4.5,-3.5,5.5,-0.5,-4.5,4.5,-13.0,
New Orleans Saints,2018,New Orleans Saints-2018,-18.0,-7.0,7.5,11.5,18.5,,3.5,12.5,11.5,31.0,34.0,2.5,-10.5,4.0,-3.0,-3.5,-27.0,
New Orleans Saints,2019,New Orleans Saints-2019,-4.5,-16.0,11.0,4.5,4.0,4.5,15.0,9.5,,-30.5,12.0,-7.0,1.0,-3.5,18.5,7.0,18.0,
New Orleans Saints,2020,New Orleans Saints-2020,7.5,-15.5,-10.0,3.0,-4.0,,-3.5,-1.0,39.0,4.5,11.5,13.5,2.5,-10.5,-0.5,12.5,20.0,
New Orleans Saints,2021,New Orleans Saints-2021,39.0,-22.5,18.0,-13.0,8.5,,-3.0,13.0,-8.5,1.0,-8.0,-18.0,-3.5,16.5,20.5,-14.0,1.0,5.5
New Orleans Saints,2022,New Orleans Saints-2022,-4.5,-7.5,-10.0,1.0,1.5,-1.0,-5.5,25.0,-12.5,-9.0,4.5,-4.5,2.0,,-2.0,10.0,15.0,-6.5
New York Giants,2000,New York Giants-2000,-1.5,18.0,9.0,-11.0,-9.0,8.0,1.0,,13.5,11.0,-12.0,-15.0,18.0,8.0,16.5,-2.5,-1.0,
New York Giants,2001,New York Giants-2001,-4.0,11.5,5.0,0.0,9.5,-4.0,-21.5,-7.5,1.5,-10.0,-15.5,,-10.5,-1.0,0.0,2.0,-6.0,
New York Giants,2002,New York Giants-2002,1.0,17.0,-2.5,-17.0,2.5,-13.0,,-7.0,4.0,5.5,-1.5,-7.5,-6.0,9.0,25.0,21.5,2.0,
New York Giants,2003,New York Giants-2003,11.0,-10.5,4.5,,-14.5,-8.5,-7.0,17.5,-0.5,-31.5,-15.0,-0.0,-20.0,-16.0,-30.5,-3.5,-8.5,
New York Giants,2004,New York Giants-2004,-4.5,9.0,14.0,14.0,19.5,,-22.0,27.5,-16.0,-2.0,-1.0,-14.0,-21.0,-13.0,7.0,5.5,3.0,
New York Giants,2005,New York Giants-2005,21.5,14.0,-16.5,17.0,,0.5,-1.0,33.0,8.5,-13.0,6.5,2.5,4.0,-0.0,7.0,-12.0,1.5,
New York Giants,2006,New York Giants-2006,-2.0,9.0,-8.0,,10.5,16.0,17.0,4.5,-9.0,-19.0,-19.5,-6.5,0.5,11.5,-20.0,-26.0,4.0,
New York Giants,2007,New York Giants-2007,-3.5,-24.5,10.5,15.5,7.0,15.5,8.5,-7.0,,-9.5,3.5,-31.5,4.0,6.0,-18.5,14.0,10.5,
New York Giants,2008,New York Giants-2008,4.5,20.0,-10.0,,31.5,-29.0,2.0,10.0,12.5,6.5,13.0,5.0,12.0,-13.0,-9.0,2.0,6.0,
New York Giants,2009,New York Giants-2009,0.0,5.0,17.5,1.5,22.0,-18.0,-15.0,-24.0,-5.5,,-4.0,-24.5,8.5,-6.0,30.0,-40.5,-29.0,
New York Giants,2010,New York Giants-2010,7.0,-20.0,-22.0,10.5,27.0,-2.0,9.5,,26.5,-25.5,-6.5,-3.5,16.5,12.5,-10.0,-25.0,-1.0,
New York Giants,2011,New York Giants-2011,-16.0,5.0,21.0,2.5,-21.0,0.0,,-7.0,13.0,-3.0,-13.0,-18.0,4.0,7.5,-19.0,18.0,14.0,
New York Giants,2012,New York Giants-2012,-11.0,-1.0,32.0,-0.5,6.0,30.0,-2.5,2.5,-7.5,-22.5,,25.5,-4.0,20.5,-34.0,-21.5,28.5,
New York Giants,2013,New York Giants-2013,-1.5,-14.0,-41.0,-19.5,-16.5,2.5,12.5,13.5,,-3.0,11.0,-5.5,8.0,-19.0,-13.5,12.0,10.5,
New York Giants,2014,New York Giants-2014,-14.5,-12.0,12.0,34.0,6.0,-26.0,-5.0,,-13.0,-12.0,-2.0,1.0,-4.0,26.0,4.0,17.0,-7.0,
New York Giants,2015,New York Giants-2015,6.0,-6.0,8.0,20.0,-4.5,-16.5,4.0,-0.0,12.0,6.0,,-7.5,-0.5,5.0,2.0,-25.0,-8.5,
New York Giants,2016,New York Giants-2016,-0.0,-1.0,-5.5,-10.5,-0.0,0.5,4.5,,2.0,1.0,-1.0,7.5,-3.5,6.5,7.0,-3.5,18.0,
New York Giants,2017,New York Giants-2017,-12.5,-17.5,3.0,1.0,-8.5,25.0,-13.5,,-28.5,-13.0,13.0,-2.5,2.0,-16.0,2.5,-20.0,12.5,
New York Giants,2018,New York Giants-2018,-2.5,-4.0,11.5,-11.5,5.0,-19.5,1.0,-6.0,,7.0,0.0,1.5,7.0,21.0,-14.5,9.0,-8.5,
New York Giants,2019,New York Giants-2019,-11.0,-13.0,6.0,18.0,-12.5,-4.5,-9.5,1.5,-12.5,-10.0,,1.0,-11.5,3.5,12.5,5.0,-13.5,
New York Giants,2020,New York Giants-2020,-4.5,1.5,-24.0,5.0,5.0,-1.5,3.5,10.5,5.5,14.0,,-4.0,16.0,-16.0,-7.5,-4.5,5.5,
New York Giants,2021,New York Giants-2021,-11.5,2.0,-5.5,13.0,-17.0,-19.5,25.0,7.5,10.0,,-8.5,10.0,-4.0,-7.0,-3.0,-13.0,-19.5,-9.0
New York Giants,2022,New York Giants-2022,6.5,4.0,-8.0,5.0,14.0,9.5,3.0,-11.0,,3.5,-16.0,2.0,2.5,-19.0,12.0,1.5,22.5,11.0
New York Jets,2000,New York Jets-2000,6.5,-5.5,12.0,11.0,,-25.0,20.0,0.0,0.5,-10.0,-2.0,20.5,0.0,7.5,-20.5,-9.5,-8.0,
New York Jets,2001,New York Jets-2001,-19.5,5.5,-5.0,1.5,7.0,-13.0,-1.5,13.5,15.5,29.5,,-4.0,-7.5,-7.5,2.0,-12.0,6.5,
New York Jets,2002,New York Jets-2002,3.0,-38.0,-21.0,-28.5,-1.0,,10.0,-6.0,39.5,0.5,14.0,15.0,-0.0,7.5,-13.5,16.5,26.5,
New York Jets,2003,New York Jets-2003,-0.0,-8.0,-1.0,-14.0,,28.0,1.5,-4.0,0.5,-0.0,-1.0,-1.0,10.0,-8.0,3.0,-2.0,1.5,
New York Jets,2004,New York Jets-2004,1.5,3.0,,2.5,-4.5,-1.5,-0.0,20.0,-8.0,-2.0,1.5,7.0,15.0,-6.5,16.5,-16.0,-6.5,
New York Jets,2005,New York Jets-2005,-17.0,4.0,-8.5,-2.5,5.5,-7.0,-5.5,,0.5,-17.5,-14.0,-1.0,-5.5,19.0,3.5,-6.0,2.5,
New York Jets,2006,New York Jets-2006,9.5,-1.0,14.0,5.0,-48.0,0.5,3.5,-5.5,,13.5,-4.5,9.5,28.0,-21.5,16.0,6.0,9.5,
New York Jets,2007,New York Jets-2007,-17.5,3.0,0.0,-6.0,-7.0,-2.5,-1.0,-13.0,0.5,,12.5,-16.5,28.0,-2.5,10.5,5.0,-1.5,
New York Jets,2008,New York Jets-2008,3.0,-10.0,-11.0,19.5,,4.0,-6.0,-10.0,14.0,34.5,6.5,26.5,-25.0,-15.0,-4.0,-13.5,-9.5,
New York Jets,2009,New York Jets-2009,21.5,10.5,6.0,-6.5,-7.0,-12.5,32.0,-8.5,,-8.5,-6.0,7.5,2.5,19.5,-10.0,17.0,27.0,
New York Jets,2010,New York Jets-2010,-2.0,17.0,10.5,18.0,4.5,0.5,,-15.0,-2.5,2.5,-3.5,6.5,-38.0,-9.5,9.0,-1.0,29.5,
New York Jets,2011,New York Jets-2011,-3.0,20.0,-13.0,-12.0,-1.5,10.5,7.0,,18.5,-23.5,-10.5,-5.5,12.0,16.5,-23.0,-18.0,-0.0,
New York Jets,2012,New York Jets-2012,17.0,-12.5,-0.0,-30.0,4.0,23.0,7.5,-22.0,,-15.5,17.5,-23.0,-5.0,4.0,-3.0,-13.0,-15.5,
New York Jets,2013,New York Jets-2013,7.0,8.5,4.5,-21.5,12.5,-11.5,6.0,-35.5,11.5,,-25.0,-12.5,-22.0,7.0,-0.0,9.5,20.0,
New York Jets,2014,New York Jets-2014,-1.5,-0.0,-9.5,-9.0,-24.0,-4.0,7.5,-23.0,-4.5,11.5,,-32.5,3.5,-1.5,1.5,9.0,20.0,
New York Jets,2015,New York Jets-2015,17.5,19.0,-10.0,10.5,,6.5,-0.0,-17.0,-3.0,-7.5,-11.0,13.5,0.5,14.0,-0.5,8.5,-8.0,
New York Jets,2016,New York Jets-2016,0.0,6.0,-18.0,-9.0,-8.0,-18.0,5.5,0.5,-0.5,-2.0,,4.5,-32.0,9.0,-18.5,-21.0,23.5,
New York Jets,2017,New York Jets-2017,0.5,-11.0,19.5,6.0,1.5,2.0,-0.0,-0.5,16.0,-4.0,,-3.0,10.0,-24.0,4.5,0.5,-3.0,
New York Jets,2018,New York Jets-2018,38.0,-11.0,-1.0,-26.5,17.0,5.5,-16.5,-5.5,-4.0,-38.0,,-1.0,6.5,8.5,0.0,-3.0,-20.5,
New York Jets,2019,New York Jets-2019,-3.5,-13.5,5.0,,-11.0,9.0,-23.0,-20.5,-11.0,10.0,19.0,34.0,-19.0,-4.0,-4.0,9.0,6.0,
New York Jets,2020,New York Jets-2020,-3.5,-11.0,-17.5,-10.5,-13.0,-15.0,2.0,-6.5,6.5,,3.5,-10.0,4.5,-20.5,20.0,13.5,-11.0,
New York Jets,2021,New York Jets-2021,-0.0,-13.5,-16.0,9.0,-4.0,,-34.0,14.5,-5.0,-14.5,-3.5,10.0,-10.0,-16.5,3.0,2.5,10.0,-1.0
New York Jets,2022,New York Jets-2022,-8.5,7.5,-8.5,7.0,26.0,24.5,5.0,-2.0,13.5,,-3.5,13.5,-2.0,2.0,-5.0,-18.5,-18.5,-1.5
Philadelphia Eagles,2000,Philadelphia Eagles-2000,33.0,-18.0,1.0,15.5,25.0,0.5,16.5,-2.5,-13.5,0.0,6.5,18.0,10.0,1.0,-3.0,,-1.5,
Philadelphia Eagles,2001,Philadelphia Eagles-2001,0.0,21.5,8.5,-15.5,,4.0,-11.0,7.0,26.5,26.0,-18.0,10.0,3.0,11.5,-7.0,-2.0,7.0,
Philadelphia Eagles,2002,Philadelphia Eagles-2002,-1.0,27.0,21.0,-1.0,-6.0,,7.0,7.0,-1.0,-31.5,12.0,28.0,9.0,4.0,5.5,17.0,-2.0,
Philadelphia Eagles,2003,Philadelphia Eagles-2003,-20.0,-25.0,,13.0,-2.5,-1.0,7.0,4.0,1.0,7.5,15.0,7.5,10.5,20.5,10.0,-10.0,15.0,
Philadelphia Eagles,2004,Philadelphia Eagles-2004,4.5,8.0,12.5,1.5,,12.0,-4.0,-2.5,-25.5,21.0,12.0,14.0,24.5,-5.0,-6.5,-9.0,-24.0,
Philadelphia Eagles,2005,Philadelphia Eagles-2005,-6.0,27.5,-5.5,8.5,-26.5,,-1.0,-25.0,-7.0,-4.0,-6.5,1.5,-39.0,0.0,4.0,-5.0,-4.0,
Philadelphia Eagles,2006,Philadelphia Eagles-2006,8.0,-9.0,8.0,10.5,12.0,-6.0,-8.0,-15.0,,16.0,-31.0,-14.5,6.0,-0.0,20.0,23.0,-1.5,
Philadelphia Eagles,2007,Philadelphia Eagles-2007,-6.0,-15.0,30.0,-15.5,,2.5,-8.5,6.0,-18.0,10.5,0.5,21.5,-7.0,-6.0,14.0,18.0,-1.0,
Philadelphia Eagles,2008,Philadelphia Eagles-2008,27.0,2.5,5.5,-7.0,-12.5,9.0,,3.5,12.5,-6.5,-9.0,-27.0,25.0,13.0,4.0,-13.0,36.0,
Philadelphia Eagles,2009,Philadelphia Eagles-2009,25.5,-23.5,12.5,,3.5,-18.0,1.0,24.0,-7.0,-6.5,0.5,-7.0,23.0,6.0,6.5,-4.0,-21.0,
Philadelphia Eagles,2010,Philadelphia Eagles-2010,-4.0,-3.5,22.0,-10.0,6.0,12.5,-15.0,,-1.0,27.5,6.5,-8.5,2.0,-1.0,10.0,-24.5,-1.0,
Philadelphia Eagles,2011,Philadelphia Eagles-2011,14.0,-6.5,-21.0,-11.0,-10.0,4.0,,24.0,-14.0,-17.0,13.0,-14.5,-20.0,19.0,23.0,10.5,17.0,
Philadelphia Eagles,2012,Philadelphia Eagles-2012,-8.5,-2.0,-24.0,0.5,2.0,-6.5,,-16.0,-12.0,-12.5,-21.5,-5.0,5.5,9.0,-16.0,-1.0,-28.5,
Philadelphia Eagles,2013,Philadelphia Eagles-2013,10.5,-10.5,-13.5,-20.5,16.5,8.0,-16.5,-13.5,30.0,13.0,4.0,,-0.5,12.0,-25.0,40.0,-5.0,
Philadelphia Eagles,2014,Philadelphia Eagles-2014,7.0,6.0,-1.0,-1.5,2.5,26.0,,-3.0,8.5,17.0,-28.5,8.0,26.0,-8.5,-14.5,-10.0,7.0,
Philadelphia Eagles,2015,Philadelphia Eagles-2015,-5.0,-16.5,10.0,-6.0,15.5,16.5,-8.5,,3.0,-7.0,-34.5,-28.0,16.5,2.0,-19.0,-17.5,8.5,
Philadelphia Eagles,2016,Philadelphia Eagles-2016,15.5,18.0,35.0,,-4.5,-10.0,14.0,-1.0,-2.0,7.5,-4.5,-18.0,-16.5,-2.5,4.0,3.5,7.5,
Philadelphia Eagles,2017,Philadelphia Eagles-2017,12.0,-2.5,-3.0,3.0,20.5,8.0,5.5,10.0,21.0,,22.0,14.5,-19.5,9.0,-2.5,-1.0,-2.5,
Philadelphia Eagles,2018,Philadelphia Eagles-2018,5.0,-9.0,-2.5,-6.0,-5.5,19.5,-9.0,2.5,,-14.5,-34.0,-1.5,9.5,-2.5,20.5,1.0,18.0,
Philadelphia Eagles,2019,Philadelphia Eagles-2019,-5.0,-5.0,-7.0,10.5,11.0,-14.5,-24.0,19.0,3.0,,-2.5,-6.0,-16.0,-3.5,3.5,10.0,13.5,
Philadelphia Eagles,2020,Philadelphia Eagles-2020,-15.0,-19.5,-4.5,12.5,-2.0,8.0,-3.5,2.5,,-14.0,-2.0,0.5,-5.5,10.5,-1.0,-23.0,0.5,
Philadelphia Eagles,2021,Philadelphia Eagles-2021,29.5,-2.5,-16.5,-5.0,5.5,1.0,-10.0,35.0,-2.0,18.0,8.0,-10.0,10.0,,0.0,13.0,-0.5,-19.0
Philadelphia Eagles,2022,Philadelphia Eagles-2022,-2.5,14.5,10.0,1.5,-2.5,2.5,,10.5,-2.0,-22.0,-5.0,0.5,20.5,19.0,-3.5,-2.0,-15.0,-11.0
Pittsburgh Steelers,2000,Pittsburgh Steelers-2000,-13.5,,-5.5,4.0,-0.0,25.0,6.5,13.0,7.5,6.0,-6.5,-13.0,16.0,4.0,-16.5,22.0,10.0,
Pittsburgh Steelers,2001,Pittsburgh Steelers-2001,-21.0,,14.0,4.0,5.5,12.0,24.0,-5.0,-0.0,7.5,12.0,-2.0,7.5,8.0,23.0,-11.0,14.0,
Pittsburgh Steelers,2002,Pittsburgh Steelers-2002,-18.5,-17.0,,-3.0,-0.0,20.5,13.5,10.0,-0.5,-5.5,-11.0,-2.5,-1.0,-32.0,7.0,14.5,-5.0,
Pittsburgh Steelers,2003,Pittsburgh Steelers-2003,15.0,-17.5,2.5,-20.5,-27.0,3.5,,-13.0,-2.0,6.0,-12.0,10.0,-7.0,14.5,-3.0,9.5,3.0,
Pittsburgh Steelers,2004,Pittsburgh Steelers-2004,-0.5,-13.0,12.5,7.0,6.5,7.0,,17.0,25.5,10.5,1.0,-1.0,-2.0,6.5,-7.0,8.0,14.5,
Pittsburgh Steelers,2005,Pittsburgh Steelers-2005,20.0,15.5,-6.0,,5.0,-11.0,17.0,-7.5,3.5,5.5,-7.0,-11.0,-11.0,8.0,12.0,34.0,-1.5,
Pittsburgh Steelers,2006,Pittsburgh Steelers-2006,9.5,-11.5,-10.0,,-7.0,31.5,-6.0,-16.0,-13.5,0.5,-0.0,-24.0,10.0,12.5,31.5,-28.0,12.0,
Pittsburgh Steelers,2007,Pittsburgh Steelers-2007,22.5,13.0,11.5,-12.0,16.0,,-7.5,7.0,21.5,-6.5,-12.5,-13.0,7.0,-10.5,-10.0,9.0,-9.0,
Pittsburgh Steelers,2008,Pittsburgh Steelers-2008,14.5,-2.5,-5.5,-3.0,-0.0,,19.5,-10.0,19.5,-7.5,-3.5,5.5,25.5,3.0,7.0,-20.0,19.5,
Pittsburgh Steelers,2009,Pittsburgh Steelers-2009,-3.5,-6.0,-6.5,4.5,-3.0,-1.0,4.0,,15.0,-12.5,-14.5,5.0,-18.0,-17.0,-1.5,0.0,3.0,
Pittsburgh Steelers,2010,Pittsburgh Steelers-2010,7.5,14.0,22.0,-5.5,,4.0,-2.0,-9.0,0.5,-17.5,25.0,-4.0,6.0,8.0,-9.0,9.5,25.5,
Pittsburgh Steelers,2011,Pittsburgh Steelers-2011,-26.5,10.0,-8.0,-3.0,18.0,-8.5,7.5,11.0,-6.5,3.0,,-6.5,21.0,-3.0,-14.0,17.0,-3.0,
Pittsburgh Steelers,2012,Pittsburgh Steelers-2012,-10.0,12.5,-7.0,,-2.0,-9.5,8.0,10.5,7.5,-10.0,0.0,-8.0,10.5,-17.5,-5.5,-6.5,4.5,
Pittsburgh Steelers,2013,Pittsburgh Steelers-2013,-13.0,-3.5,-14.5,-10.0,,11.5,0.5,-5.5,-18.5,10.5,13.0,18.0,1.0,-9.0,11.5,9.0,3.5,
Pittsburgh Steelers,2014,Pittsburgh Steelers-2014,-2.5,-17.5,21.0,-10.5,2.0,-18.5,4.0,22.0,17.5,-11.5,-4.0,,-6.5,24.0,4.0,5.5,7.0,
Pittsburgh Steelers,2015,Pittsburgh Steelers-2015,-0.0,19.0,7.0,0.0,8.0,17.5,-6.5,-6.0,-3.0,14.0,,-6.0,25.5,14.0,-0.5,-14.5,3.0,
Pittsburgh Steelers,2016,Pittsburgh Steelers-2016,19.5,5.0,-35.0,25.5,8.0,-22.5,-3.5,,-10.5,-8.0,6.5,12.5,3.5,5.0,1.0,-1.5,0.0,
Pittsburgh Steelers,2017,Pittsburgh Steelers-2017,-6.0,11.0,-13.0,14.0,-29.5,9.5,11.0,2.0,,-7.5,16.0,-11.0,-1.5,-5.0,-0.5,20.0,-1.0,
Pittsburgh Steelers,2018,Pittsburgh Steelers-2018,-3.5,-9.5,2.0,-15.0,20.5,8.5,,6.5,8.5,27.5,-0.0,-10.0,-6.0,-13.5,9.5,3.5,-11.0,
Pittsburgh Steelers,2019,Pittsburgh Steelers-2019,-24.5,-6.0,2.0,20.5,0.0,13.0,,-1.0,1.0,9.5,-11.0,-0.5,8.0,3.5,-8.0,-9.0,-19.0,
Pittsburgh Steelers,2020,Pittsburgh Steelers-2020,4.5,-1.5,3.0,,2.0,28.0,4.0,8.0,-9.0,19.0,13.5,0.0,-12.0,-9.0,-24.5,5.0,8.5,
Pittsburgh Steelers,2021,Pittsburgh Steelers-2021,13.5,-15.0,-16.5,-4.0,9.5,-2.5,,10.5,-5.0,-6.0,2.0,-27.5,5.0,-4.5,5.0,-16.0,10.0,6.0
Pittsburgh Steelers,2022,Pittsburgh Steelers-2022,10.0,0.0,-7.5,-7.0,-21.0,12.0,1.0,-10.5,,9.0,-3.5,9.5,1.5,-4.0,10.5,1.0,4.0,11.5
San Francisco 49ers,2000,San Francisco 49ers-2000,-1.5,-13.0,-0.0,23.5,3.5,-1.5,1.5,-15.0,-3.0,-10.5,17.5,4.5,,25.5,-7.0,11.0,-22.0,
San Francisco 49ers,2001,San Francisco 49ers-2001,-0.5,2.0,5.0,3.5,3.0,,-4.0,-0.5,-2.0,-4.0,21.5,26.5,-6.0,17.5,7.0,-12.5,35.5,
San Francisco 49ers,2002,San Francisco 49ers-2002,-1.0,-13.5,0.0,,18.0,4.0,-6.5,1.5,6.0,-1.0,-5.5,-28.0,-1.5,-0.5,-9.0,-0.5,-9.0,
San Francisco 49ers,2003,San Francisco 49ers-2003,35.5,-0.0,-8.0,-28.0,-0.5,2.5,22.0,-10.0,25.0,,12.0,-6.5,-35.0,25.5,-0.0,10.0,-9.5,
San Francisco 49ers,2004,San Francisco 49ers-2004,1.0,4.5,-24.0,-6.0,2.0,1.5,,-8.0,-8.0,-11.5,-24.0,-7.0,1.0,10.0,-3.5,-24.0,-1.0,
San Francisco 49ers,2005,San Francisco 49ers-2005,7.5,-27.5,3.5,-14.0,-11.0,,-23.5,16.5,-8.5,4.0,10.0,-4.0,-4.0,-22.5,-15.5,13.0,4.0,
San Francisco 49ers,2006,San Francisco 49ers-2006,2.5,10.0,-8.0,-34.0,10.5,-19.0,,-14.5,10.0,12.0,9.0,1.5,-17.0,-15.0,20.0,-10.0,13.0,
San Francisco 49ers,2007,San Francisco 49ers-2007,0.0,4.0,-11.5,-19.0,1.0,,-8.5,-19.5,-0.5,-15.0,-1.0,16.5,-14.0,-11.5,15.5,9.0,-1.5,
San Francisco 49ers,2008,San Francisco 49ers-2008,-7.5,9.5,13.0,-10.0,-6.0,-9.0,-2.0,-26.5,,4.5,12.0,-3.5,13.5,15.0,0.5,-2.5,0.0,
San Francisco 49ers,2009,San Francisco 49ers-2009,8.5,12.0,4.0,25.5,-36.0,,-0.0,9.5,-11.0,1.0,-0.0,14.0,-4.0,19.0,-6.5,0.0,15.0,
San Francisco 49ers,2010,San Francisco 49ers-2010,-28.0,2.0,-24.0,5.0,-6.0,1.0,-5.5,5.5,,-1.5,-24.5,19.0,-9.0,14.0,-16.5,-5.5,25.0,
San Francisco 49ers,2011,San Francisco 49ers-2011,10.0,0.0,6.0,11.0,42.0,11.0,,0.5,3.5,3.0,6.0,-6.5,11.5,-5.5,14.0,-0.5,-5.5,
San Francisco 49ers,2012,San Francisco 49ers-2012,13.5,1.0,-18.0,30.0,32.0,-30.0,-0.5,14.0,,-13.0,20.0,8.5,-11.0,3.5,12.0,-27.0,-2.5,
San Francisco 49ers,2013,San Francisco 49ers-2013,1.0,-23.5,-30.0,20.0,26.5,1.5,11.0,17.5,,-6.5,0.5,16.0,2.5,0.0,14.5,-4.5,6.0,
San Francisco 49ers,2014,San Francisco 49ers-2014,7.5,-15.0,-12.0,1.5,1.0,10.5,-18.0,,-13.5,9.0,2.0,-5.0,-17.0,-19.0,-0.0,-5.0,-3.0,
San Francisco 49ers,2015,San Francisco 49ers-2015,19.5,-19.0,-33.0,-6.5,4.5,7.5,-10.5,-13.0,9.5,,-2.0,2.5,12.5,-11.5,-3.5,-6.0,6.0,
San Francisco 49ers,2016,San Francisco 49ers-2016,30.5,-6.5,-8.5,-6.0,-8.5,-21.5,-18.0,,-13.0,11.0,-1.5,-0.0,-21.0,-9.0,-14.5,7.0,9.5,
San Francisco 49ers,2017,San Francisco 49ers-2017,-14.5,10.5,0.0,3.5,-1.5,10.0,-23.5,-10.0,-8.0,13.0,,-4.0,4.0,11.0,-0.5,15.0,15.0,
San Francisco 49ers,2018,San Francisco 49ers-2018,-2.0,-3.0,-5.5,8.5,-13.0,6.0,-21.0,-0.5,32.5,-7.0,,-16.5,-17.0,9.0,6.5,-1.0,-5.5,
San Francisco 49ers,2019,San Francisco 49ers-2019,15.0,25.0,-2.0,,23.5,16.0,-1.0,34.0,-7.0,-9.5,0.0,26.0,2.5,3.5,-17.0,-4.0,1.5,
San Francisco 49ers,2020,San Francisco 49ers-2020,-10.5,11.0,24.0,-12.5,-33.5,10.5,30.0,-7.0,-9.5,-4.5,,9.5,-11.5,-11.0,-12.0,14.0,4.0,
San Francisco 49ers,2021,San Francisco 49ers-2021,0.5,2.5,-5.0,-9.5,-1.0,,-15.5,6.5,-19.5,24.5,13.5,4.0,-10.0,1.5,9.0,-6.5,2.5,-0.5
San Francisco 49ers,2022,San Francisco 49ers-2022,-15.5,11.5,-2.5,13.5,16.0,-18.0,-20.0,18.0,,-2.0,18.0,4.5,11.0,24.5,5.0,10.5,-7.0,10.5
Seattle Seahawks,2000,Seattle Seahawks-2000,-21.0,4.5,4.0,5.5,-3.0,-19.5,-7.5,-20.5,-1.0,-2.5,-0.5,,-4.0,20.0,3.0,9.0,-22.0,
Seattle Seahawks,2001,Seattle Seahawks-2001,-1.0,-21.5,-13.5,12.5,19.0,,-1.5,-15.5,13.0,-0.5,-10.5,0.0,-7.0,20.5,-0.0,4.5,-0.5,
Seattle Seahawks,2002,Seattle Seahawks-2002,-6.5,-15.0,2.5,22.0,,-4.0,-10.5,5.0,-13.0,24.0,-16.5,10.5,1.5,-4.0,15.5,17.5,6.0,
Seattle Seahawks,2003,Seattle Seahawks-2003,14.0,33.0,-2.0,,-21.0,-2.5,-4.0,-6.0,2.0,-10.0,10.0,-0.0,20.5,-28.0,2.0,2.5,9.5,
Seattle Seahawks,2004,Seattle Seahawks-2004,11.5,1.0,24.0,,-14.0,-6.5,-14.5,-2.0,8.0,-13.5,-2.5,-33.0,-11.0,10.5,-16.5,-4.0,-3.5,
Seattle Seahawks,2005,Seattle Seahawks-2005,-15.0,2.0,18.5,-1.0,9.0,23.5,0.0,,9.5,8.0,-10.0,-2.5,39.0,22.5,-3.5,8.0,-3.0,
Seattle Seahawks,2006,Seattle Seahawks-2006,-3.0,4.0,8.0,-27.5,,-1.0,-25.0,-2.0,8.5,-1.0,-9.0,0.0,7.0,-9.5,-20.0,1.5,19.0,
Seattle Seahawks,2007,Seattle Seahawks-2007,8.0,-5.5,0.0,19.0,-16.0,-17.5,19.5,,-1.5,15.0,1.5,2.0,7.0,13.5,-11.0,7.5,-5.0,
Seattle Seahawks,2008,Seattle Seahawks-2008,-23.0,-9.5,16.0,,-31.5,-11.0,1.5,26.5,-12.5,5.5,-3.0,0.0,-13.0,4.5,0.5,13.5,-6.0,
Seattle Seahawks,2009,Seattle Seahawks-2009,21.0,-12.0,-3.5,-6.5,39.0,-27.0,,-11.5,2.0,-2.5,-15.0,6.5,4.0,-20.0,-23.5,-24.5,2.0,
Seattle Seahawks,2010,Seattle Seahawks-2010,28.0,-13.5,11.0,-19.0,,9.0,5.5,-28.0,-26.5,22.0,-4.0,-16.0,12.0,-14.0,-10.0,-17.0,13.0,
Seattle Seahawks,2011,Seattle Seahawks-2011,-10.0,-10.0,6.0,4.0,21.0,,-0.0,-20.5,1.0,12.0,20.0,-9.0,20.0,7.5,27.5,0.5,-0.5,
Seattle Seahawks,2012,Seattle Seahawks-2012,-7.0,23.0,5.5,-8.5,6.0,5.0,0.5,-1.0,6.0,15.5,,-6.0,9.5,48.0,28.0,27.0,-5.0,
Seattle Seahawks,2013,Seattle Seahawks-2013,1.5,23.5,8.0,1.0,-9.0,-4.5,7.5,-8.0,-11.5,20.0,8.0,,22.0,-0.0,13.5,-16.0,5.5,
Seattle Seahawks,2014,Seattle Seahawks-2014,15.5,-13.5,2.0,,3.0,-17.0,-9.0,-2.0,-7.5,12.0,-5.0,8.5,17.0,8.5,0.0,19.5,3.0,
Seattle Seahawks,2015,Seattle Seahawks-2015,-6.5,-7.0,9.5,-7.0,-0.0,-11.0,10.5,-4.0,,-10.0,2.0,6.0,28.5,18.5,2.5,-17.0,36.0,
Seattle Seahawks,2016,Seattle Seahawks-2016,-8.5,-11.5,8.5,9.0,,-5.0,2.5,-6.0,0.5,14.5,4.5,-14.5,24.5,-31.0,6.0,-12.0,-9.5,
Seattle Seahawks,2017,Seattle Seahawks-2017,-5.0,-10.5,-3.0,16.0,7.0,,13.5,-2.5,-11.0,-0.0,-5.0,4.0,19.5,-9.0,-34.0,13.5,-10.0,
Seattle Seahawks,2018,Seattle Seahawks-2018,-0.0,-2.5,10.0,-0.5,5.5,21.0,,17.0,-9.0,5.0,0.0,6.0,17.0,11.0,-6.5,8.0,-11.0,
Seattle Seahawks,2019,Seattle Seahawks-2019,-8.0,6.0,-11.0,11.5,-0.5,5.0,-17.0,-0.5,2.0,9.5,,6.0,4.5,-15.0,-0.0,-22.0,-1.5,
Seattle Seahawks,2020,Seattle Seahawks-2020,12.0,1.0,2.0,2.5,-5.5,,-6.5,7.0,-13.0,-4.0,4.0,-0.5,-16.0,20.5,-1.0,9.5,-4.0,
Seattle Seahawks,2021,Seattle Seahawks-2021,9.5,-8.5,-15.0,9.5,-6.5,2.5,3.0,20.0,,-14.0,-14.5,-3.5,10.0,10.5,-3.0,-8.0,13.5,13.0
Seattle Seahawks,2022,Seattle Seahawks-2022,7.0,-11.5,-5.0,6.5,-1.5,12.5,18.5,11.0,12.0,-2.5,,-10.0,-2.5,-10.0,-5.0,-4.0,18.5,-1.5
Tampa Bay Buccaneers,2000,Tampa Bay Buccaneers-2000,2.0,34.0,18.0,-11.0,-1.5,-6.0,,-22.0,25.0,6.0,-4.0,-11.0,10.0,10.0,5.5,4.0,-0.5,
Tampa Bay Buccaneers,2001,Tampa Bay Buccaneers-2001,-5.0,,-6.5,1.0,-0.0,-12.0,24.0,4.0,-2.0,-8.0,16.5,-2.0,-5.0,-21.5,24.5,10.5,-7.0,
Tampa Bay Buccaneers,2002,Tampa Bay Buccaneers-2002,-12.0,20.5,13.5,21.5,16.5,6.5,-7.0,-5.0,6.5,,5.0,11.0,-4.5,20.5,-6.5,-14.5,8.0,
Tampa Bay Buccaneers,2003,Tampa Bay Buccaneers-2003,20.0,-12.0,14.5,,-7.5,18.5,-22.0,10.0,-11.0,-6.5,-10.5,0.0,-10.0,10.0,1.5,-8.5,-16.0,
Tampa Bay Buccaneers,2004,Tampa Bay Buccaneers-2004,-3.5,-1.0,-7.0,0.0,6.0,-0.5,5.0,,6.0,-6.5,24.0,-10.0,25.0,-3.0,-11.5,-18.5,-1.0,
Tampa Bay Buccaneers,2005,Tampa Bay Buccaneers-2005,17.0,13.5,-2.0,-2.5,-5.5,9.5,,-16.5,-20.0,2.0,9.0,-6.0,3.5,15.5,-23.5,0.0,1.0,
Tampa Bay Buccaneers,2006,Tampa Bay Buccaneers-2006,-30.0,-6.5,1.0,,4.0,6.0,8.0,-4.5,-18.5,-4.0,0.0,-17.0,-10.0,-8.0,10.5,18.0,-19.0,
Tampa Bay Buccaneers,2007,Tampa Bay Buccaneers-2007,-8.0,21.0,17.5,16.0,-10.0,0.5,-4.5,-4.5,3.5,,21.0,3.0,7.0,-16.5,21.5,-9.0,-5.5,
Tampa Bay Buccaneers,2008,Tampa Bay Buccaneers-2008,-1.0,8.0,6.0,7.0,1.0,23.0,-1.5,-2.5,-6.5,,0.5,10.0,-0.5,-12.0,1.5,-21.5,-17.5,
Tampa Bay Buccaneers,2009,Tampa Bay Buccaneers-2009,-8.0,-9.0,-17.5,6.0,-3.5,-4.0,-12.5,,19.5,8.0,-20.5,9.5,-6.5,-19.5,23.5,17.0,-7.0,
Tampa Bay Buccaneers,2010,Tampa Bay Buccaneers-2010,0.5,17.0,-22.0,,10.0,-19.5,-2.0,6.0,3.0,8.0,24.5,0.5,-1.0,-0.5,-7.0,17.0,17.0,
Tampa Bay Buccaneers,2011,Tampa Bay Buccaneers-2011,-8.5,5.0,2.0,-3.0,-42.0,12.5,-4.0,,-2.0,-24.0,4.5,-3.0,-16.5,-30.0,-9.0,-24.5,-11.5,
Tampa Bay Buccaneers,2012,Tampa Bay Buccaneers-2012,9.0,1.0,1.0,-4.0,,23.0,-5.5,24.5,11.0,7.0,4.5,0.5,-0.5,-9.0,-37.5,-18.0,8.0,
Tampa Bay Buccaneers,2013,Tampa Bay Buccaneers-2013,-7.0,2.0,-12.5,-5.5,,-8.0,-1.5,-11.5,11.5,5.5,11.0,10.0,-14.5,18.5,-14.5,-6.5,-14.5,
Tampa Bay Buccaneers,2014,Tampa Bay Buccaneers-2014,-11.5,-6.0,-35.5,10.5,5.0,-27.5,,-7.0,2.0,-6.5,26.5,-4.0,5.0,-6.5,1.5,-5.5,3.0,
Tampa Bay Buccaneers,2015,Tampa Bay Buccaneers-2015,-31.0,16.0,-4.0,-11.0,6.0,,2.0,11.0,-12.0,5.0,34.5,-10.0,4.0,-13.0,-7.0,-8.0,-18.0,
Tampa Bay Buccaneers,2016,Tampa Bay Buccaneers-2016,9.5,-26.0,-8.5,-17.0,9.0,,18.0,-7.0,-10.5,28.5,9.0,14.5,10.5,3.0,1.0,-4.0,-2.0,
Tampa Bay Buccaneers,2017,Tampa Bay Buccaneers-2017,,15.0,-18.5,-1.0,0.0,-6.5,-0.0,-16.0,-13.0,4.0,9.0,-4.0,-4.0,-3.0,4.0,7.0,13.0,
Tampa Bay Buccaneers,2018,Tampa Bay Buccaneers-2018,18.0,9.0,-2.0,-35.0,,-2.0,-0.5,0.5,-8.0,-16.5,-0.0,16.5,10.5,-4.0,0.5,0.5,0.5,
Tampa Bay Buccaneers,2019,Tampa Bay Buccaneers-2019,-15.0,12.5,-6.0,24.0,-4.0,-9.0,,-2.0,-2.0,-2.5,-12.0,16.5,14.0,0.0,15.0,0.0,-7.0,
Tampa Bay Buccaneers,2020,Tampa Bay Buccaneers-2020,-7.5,6.0,12.0,0.0,-4.5,29.0,21.5,-10.5,-39.0,17.0,-7.5,0.5,,5.0,-2.0,28.0,10.0,
Tampa Bay Buccaneers,2021,Tampa Bay Buccaneers-2021,-5.5,10.5,-11.0,-4.5,17.0,-1.0,23.0,-13.0,,-20.0,8.5,4.0,2.5,2.5,-20.5,15.0,-10.0,13.5
Tampa Bay Buccaneers,2022,Tampa Bay Buccaneers-2022,13.5,7.5,-3.5,-11.5,-4.5,-12.0,-31.0,-7.0,0.0,2.5,,-9.0,-2.0,-24.5,-7.5,-4.5,2.5,-7.0
Tennessee Titans,2000,Tennessee Titans-2000,-2.0,-5.5,,-4.0,9.0,-1.0,8.0,9.0,10.0,-6.0,-5.0,-2.0,-6.0,-1.0,19.0,8.0,17.5,
Tennessee Titans,2001,Tennessee Titans-2001,-14.5,-9.0,,-15.5,0.0,-2.5,-24.0,1.0,-4.5,14.5,-12.0,17.5,-20.5,8.5,9.0,-8.0,-7.5,
Tennessee Titans,2002,Tennessee Titans-2002,1.0,-11.5,-7.5,-20.5,-20.5,10.5,,1.5,11.0,-2.0,11.0,-3.5,6.0,11.0,14.5,15.0,0.5,
Tennessee Titans,2003,Tennessee Titans-2003,1.5,-23.5,10.5,20.5,-7.0,12.5,20.0,8.5,,18.5,-2.0,0.5,-10.0,-5.5,-3.0,-2.5,16.0,
Tennessee Titans,2004,Tennessee Titans-2004,7.0,-12.5,-9.0,-24.0,24.0,-15.5,-11.0,4.0,,-7.5,-0.0,-8.0,-15.0,-8.5,-1.5,-17.0,7.5,
Tennessee Titans,2005,Tennessee Titans-2005,-20.0,18.5,2.5,-14.0,15.5,-5.0,-7.0,-7.0,-3.0,,1.0,4.0,-18.0,-3.5,3.5,-8.5,-31.0,
Tennessee Titans,2006,Tennessee Titans-2006,-9.5,-21.0,7.5,-21.5,17.0,15.0,,3.0,-39.5,6.5,31.0,6.5,10.5,7.5,10.5,6.5,-20.0,
Tennessee Titans,2007,Tennessee Titans-2007,-4.0,5.0,21.5,,-0.5,-0.5,4.0,-3.0,7.5,-18.5,-14.0,-30.0,4.5,-5.0,5.5,-5.0,1.5,
Tennessee Titans,2008,Tennessee Titans-2008,10.0,18.0,14.0,10.0,2.0,,15.0,6.0,-0.5,4.0,7.0,-26.5,26.0,5.5,-4.0,20.0,-26.0,
Tennessee Titans,2009,Tennessee Titans-2009,3.5,-10.0,-6.0,-23.5,-18.5,-50.0,,14.0,11.0,16.5,6.5,1.0,-4.0,26.0,-1.5,-27.0,-2.0,
Tennessee Titans,2010,Tennessee Titans-2010,18.5,-14.0,22.0,-12.5,14.0,24.0,15.0,-2.0,,-11.0,-10.0,-15.0,-14.0,2.0,13.0,-16.0,6.5,
Tennessee Titans,2011,Tennessee Titans-2011,-3.5,19.0,-4.0,19.5,-18.0,,-36.5,9.5,-10.0,30.5,0.5,3.0,7.0,-1.5,-20.5,-2.5,-1.0,
Tennessee Titans,2012,Tennessee Titans-2012,-14.5,-22.0,7.0,-10.5,-17.0,9.5,5.5,-9.0,-26.0,41.0,,-8.5,-7.0,-0.0,3.0,-37.0,12.5,
Tennessee Titans,2013,Tennessee Titans-2013,13.0,3.0,0.0,21.5,-6.0,4.5,-11.0,,4.0,-13.5,0.0,2.0,-4.5,-9.5,0.0,-0.0,-0.5,
Tennessee Titans,2014,Tennessee Titans-2014,19.0,-19.0,-19.5,-16.5,0.0,-2.0,4.0,-10.5,,-3.5,4.0,-8.0,-17.0,-26.0,-1.5,-12.0,-9.5,
Tennessee Titans,2015,Tennessee Titans-2015,31.0,-15.0,1.5,,0.0,-30.5,3.0,-10.5,12.5,-13.5,-9.0,-2.0,0.0,-14.0,-2.5,-24.5,-2.0,
Tennessee Titans,2016,Tennessee Titans-2016,-6.5,7.0,-5.5,-3.5,15.5,-5.5,-12.0,11.0,-4.5,25.0,-4.0,-0.5,,1.0,8.0,-25.0,4.0,
Tennessee Titans,2017,Tennessee Titans-2017,-12.0,19.5,3.0,-45.0,-9.0,7.0,-2.5,,0.0,-0.5,-16.0,0.5,4.5,-7.5,0.5,1.5,2.5,
Tennessee Titans,2018,Tennessee Titans-2018,-8.0,6.5,-7.0,6.0,-7.0,-18.5,5.5,,18.5,30.5,-27.0,-13.5,-6.5,15.5,14.5,-2.5,-10.5,
Tennessee Titans,2019,Tennessee Titans-2019,35.5,-5.5,-15.0,17.5,-10.0,-14.5,0.5,2.0,-6.5,9.0,,18.0,13.0,18.5,-6.0,-7.0,11.0,
Tennessee Titans,2020,Tennessee Titans-2020,-1.0,-4.5,-1.5,,29.5,2.5,-4.0,-18.0,0.5,-18.0,12.0,22.0,-9.5,13.5,12.5,-23.0,-4.0,
Tennessee Titans,2021,Tennessee Titans-2021,-28.0,8.5,4.0,-9.0,13.5,9.0,28.0,6.0,19.0,-1.0,-19.0,-16.0,,11.5,-5.0,6.5,28.0,-7.5
Tennessee Titans,2022,Tennessee Titans-2022,-6.5,-24.0,4.0,10.5,3.0,,6.5,6.0,11.0,4.5,13.0,-3.0,-20.5,-17.0,-0.0,-8.0,0.0,-10.5
Washington Commanders,2000,Washington Commanders-2000,-7.5,-10.5,-16.5,11.0,1.5,-0.5,3.5,15.0,-10.0,-11.0,,18.5,-10.0,-8.0,-25.0,-22.0,10.0,
Washington Commanders,2001,Washington Commanders-2001,-24.5,-28.5,-29.0,-0.0,1.0,6.5,21.5,15.5,,15.5,18.0,-14.5,12.0,-11.5,-6.0,35.0,-0.5,
Washington Commanders,2002,Washington Commanders-2002,2.0,-27.0,-0.0,,20.5,-14.5,-14.0,4.0,13.0,-20.5,1.5,6.5,-8.0,-9.0,-5.5,9.5,-1.5,
Washington Commanders,2003,Washington Commanders-2003,0.0,5.0,-4.5,-0.5,2.5,-18.5,-14.0,,-1.0,10.0,3.0,6.0,-3.0,16.0,-24.0,1.0,-15.0,
Washington Commanders,2004,Washington Commanders-2004,3.5,-9.0,-4.5,-6.5,-7.0,4.5,,-13.0,10.5,-11.0,-12.0,1.0,21.0,5.0,3.5,-5.5,7.0,
Washington Commanders,2005,Washington Commanders-2005,-4.0,7.0,,1.0,5.0,-0.5,23.5,-33.0,7.0,-2.0,-9.0,-3.0,12.0,1.0,25.0,12.0,4.0,
Washington Commanders,2006,Washington Commanders-2006,-7.0,-10.0,12.5,9.0,-10.5,-15.0,-5.5,,6.0,-16.0,-0.0,10.0,-11.5,0.0,15.5,-4.0,-4.0,
Washington Commanders,2007,Washington Commanders-2007,0.0,15.0,-10.5,,27.0,-0.0,-6.0,-30.5,-0.5,-10.5,6.0,-3.0,-7.5,5.0,18.5,17.5,12.0,
Washington Commanders,2008,Washington Commanders-2008,-4.5,4.0,4.0,12.0,12.5,-15.5,-4.0,1.0,-19.5,,-2.0,-0.0,-12.0,-7.5,-13.5,13.0,-0.0,
Washington Commanders,2009,Washington Commanders-2009,-0.0,-8.0,-11.0,-6.0,2.5,-14.5,-1.0,,-5.0,13.5,9.5,7.0,5.0,18.5,-30.0,-10.0,-0.0,
Washington Commanders,2010,Washington Commanders-2010,9.0,0.0,-19.0,10.0,6.0,0.0,6.0,-9.0,,-27.5,10.0,-1.5,-16.5,0.5,6.5,-3.5,1.0,
Washington Commanders,2011,Washington Commanders-2011,16.0,-3.5,1.5,4.0,,-4.0,-10.5,-19.0,-3.5,-7.0,4.0,9.0,-12.0,0.5,19.0,-13.0,-17.0,
Washington Commanders,2012,Washington Commanders-2012,17.0,-6.5,-10.0,4.0,-4.0,14.0,2.5,-10.5,-11.0,,21.5,10.5,4.0,1.5,21.0,1.0,7.0,
Washington Commanders,2013,Washington Commanders-2013,-10.5,-10.0,-6.0,6.0,,-9.5,5.0,-13.0,6.0,-8.0,-4.0,-16.0,-8.0,-32.0,4.5,1.5,-10.5,
Washington Commanders,2014,Washington Commanders-2014,-8.0,26.0,1.0,-34.0,-3.0,-5.0,-4.0,12.5,-4.0,,-26.5,5.0,-14.5,-21.5,-4.0,10.0,-21.0,
Washington Commanders,2015,Washington Commanders-2015,-3.0,17.0,-8.0,6.0,1.0,-6.5,-2.0,,-3.5,34.0,-21.0,7.5,-5.0,7.0,12.0,17.5,14.0,
Washington Commanders,2016,Washington Commanders-2016,-19.5,-7.0,5.5,3.5,10.0,10.0,-4.0,3.0,,3.5,15.0,1.0,-5.5,2.5,-18.0,17.0,-18.0,
Washington Commanders,2017,Washington Commanders-2017,-12.0,9.5,20.0,-2.0,,-10.0,-5.5,-12.0,11.0,-7.0,4.5,2.5,-26.0,-11.0,1.0,13.0,-12.5,
Washington Commanders,2018,Washington Commanders-2018,20.0,-18.0,16.5,,-18.5,7.0,4.0,6.0,-25.5,16.5,1.0,-1.0,-9.5,-21.0,-4.5,2.5,-18.0,
Washington Commanders,2019,Washington Commanders-2019,5.0,-4.0,-11.0,-18.0,-9.5,-4.5,1.0,6.5,-4.5,,-19.0,7.0,18.5,8.0,-3.5,-5.0,-18.5,
Washington Commanders,2020,Washington Commanders-2020,15.0,-8.0,-7.0,0.0,-13.0,1.5,21.0,,-5.5,-0.0,9.5,28.0,12.0,11.0,1.0,-6.0,-0.5,
Washington Commanders,2021,Washington Commanders-2021,-3.0,-2.0,-15.0,2.0,-8.5,-11.5,-5.5,-3.0,,20.0,9.0,3.5,3.5,-0.5,-0.0,-32.0,0.5,9.0
Washington Commanders,2022,Washington Commanders-2022,3.0,-8.0,-10.0,-12.0,-3.0,4.0,6.0,4.0,0.0,22.0,10.0,2.5,-2.5,,-12.0,-10.5,-16.0,27.5
